emp_no,first_name,last_name,title,to_date,from_date
230287,Renny,Alameldin,Assistant Engineer,9999-01-01,1997-09-28
71710,Hitomi,Takanami,Assistant Engineer,9999-01-01,1997-12-15
69936,Lalit,Unni,Assistant Engineer,9999-01-01,1998-12-06
231459,Nectarios,Pramanik,Assistant Engineer,9999-01-01,1999-11-18
29380,Satoru,Vidal,Assistant Engineer,9999-01-01,1998-05-02
415187,Juyoung,Peltason,Assistant Engineer,9999-01-01,1998-09-01
207551,Baziley,Falck,Assistant Engineer,9999-01-01,1995-02-18
44962,Sariel,Wynblatt,Assistant Engineer,9999-01-01,1996-05-18
29418,Valery,Mersereau,Assistant Engineer,9999-01-01,1998-07-01
297954,Sailaja,Fujisaki,Assistant Engineer,9999-01-01,1995-07-24
294791,Vesna,Lammel,Assistant Engineer,9999-01-01,1999-10-08
272860,Minghong,Candan,Assistant Engineer,9999-01-01,1994-02-10
297905,Marc,Bahl,Assistant Engineer,9999-01-01,1997-06-18
92577,Zhanqiu,Farrow,Assistant Engineer,9999-01-01,1999-01-10
248953,Percy,Sudbeck,Assistant Engineer,9999-01-01,1996-08-29
415338,Shigeo,Emmart,Assistant Engineer,9999-01-01,1995-12-24
56682,Roded,Picco,Assistant Engineer,9999-01-01,1993-11-06
92598,Ranga,Merro,Assistant Engineer,9999-01-01,1996-05-11
84315,Kristina,Baumann,Assistant Engineer,9999-01-01,1996-09-26
472052,Godehard,Chinal,Assistant Engineer,9999-01-01,1995-12-09
222616,Badri,Schapire,Assistant Engineer,9999-01-01,1998-01-19
295262,Moon,Pews,Assistant Engineer,9999-01-01,1994-08-06
239706,Arunas,Bugrara,Assistant Engineer,9999-01-01,1997-04-03
253838,Stafford,Terlouw,Assistant Engineer,9999-01-01,1999-02-21
483838,Sham,Kavanagh,Assistant Engineer,9999-01-01,1997-12-18
489928,Satoru,Janetzko,Assistant Engineer,9999-01-01,1997-07-26
481397,Luisa,Chelton,Assistant Engineer,9999-01-01,1998-08-13
281570,Zijian,Covnot,Assistant Engineer,9999-01-01,1994-09-13
201739,Genta,Terekhov,Assistant Engineer,9999-01-01,1998-07-21
459356,Pramod,Wendorf,Engineer,9999-01-01,1998-12-25
290478,Tsvetan,Sherertz,Engineer,9999-01-01,1998-08-07
493096,Sachem,Msuda,Engineer,9999-01-01,1995-04-07
486956,Matt,Ruemmler,Engineer,9999-01-01,1993-10-14
290284,Kwangjo,Menhardt,Engineer,9999-01-01,1996-01-11
287334,Elliott,Speer,Engineer,9999-01-01,1998-08-08
286779,Sigeru,Versino,Engineer,9999-01-01,1998-08-31
286452,Behnaam,Bierbaum,Engineer,9999-01-01,1999-01-31
285906,Arnould,Buescher,Engineer,9999-01-01,1998-03-26
282547,Nahum,Codenie,Engineer,9999-01-01,1999-06-14
459172,Val,Rissanen,Engineer,9999-01-01,1999-11-20
239426,Vesna,Fairtlough,Engineer,9999-01-01,1994-08-09
282191,Alper,Shinomoto,Engineer,9999-01-01,1997-10-20
209712,Nimmagadda,Baak,Engineer,9999-01-01,1995-10-30
210449,Gino,Lagarias,Engineer,9999-01-01,1997-06-22
454736,Nechama,Ermel,Engineer,9999-01-01,1995-06-05
279791,Chiranjit,Lyonns,Engineer,9999-01-01,1995-12-24
485817,Mahmut,Bolotov,Engineer,9999-01-01,1995-01-10
279115,Maren,DuCasse,Engineer,9999-01-01,1997-11-29
272452,Mitsuyuki,Isard,Engineer,9999-01-01,1996-08-17
244711,Rosli,Butner,Engineer,9999-01-01,1997-03-19
442653,Mona,Hebden,Engineer,9999-01-01,1995-10-20
271106,Taisook,Kampfer,Engineer,9999-01-01,1997-11-30
268043,Narain,Mikschl,Engineer,9999-01-01,1997-11-02
261631,Jianhua,Huttel,Engineer,9999-01-01,1998-02-23
260361,Reinhold,Rahier,Engineer,9999-01-01,1995-06-06
256216,Halsur,Brodal,Engineer,9999-01-01,1997-11-22
247456,Masako,Bahk,Engineer,9999-01-01,1997-07-31
247612,Chiranjit,Constantine,Engineer,9999-01-01,1997-05-25
253029,Thodoros,Thimonier,Engineer,9999-01-01,1995-04-05
102620,Adin,Templeman,Engineer,9999-01-01,1997-12-10
252185,Chaosheng,Conta,Engineer,9999-01-01,2002-04-14
251437,Shichao,Iwayama,Engineer,9999-01-01,1996-10-17
441954,Leszek,Marchegay,Engineer,9999-01-01,1999-06-13
214427,Peer,Molberg,Engineer,9999-01-01,1996-11-17
438557,Lidong,Swist,Engineer,9999-01-01,1999-09-16
433260,Make,Olivero,Engineer,9999-01-01,1998-06-01
103756,Heping,Halloran,Engineer,9999-01-01,2001-04-08
105731,Sachem,Cromarty,Engineer,9999-01-01,1996-08-19
431882,Hideo,Varman,Engineer,9999-01-01,1997-06-19
430631,Kersti,Marsiglia,Engineer,9999-01-01,1994-02-19
429520,Yongqiao,Francisci,Engineer,9999-01-01,1999-12-01
217320,Abdelwaheb,Denis,Engineer,9999-01-01,1993-09-10
429481,Subhada,Emmerich,Engineer,9999-01-01,1996-03-06
424569,Danco,Luff,Engineer,9999-01-01,1997-10-30
499260,Danae,Honglei,Engineer,9999-01-01,1998-09-14
423208,Joydip,Krone,Engineer,9999-01-01,1995-02-08
499495,Baoqiu,Kakkar,Engineer,9999-01-01,1999-08-30
422783,Jagoda,Uhrig,Engineer,9999-01-01,1995-09-01
478218,Djenana,Erol,Engineer,9999-01-01,1999-01-31
478170,Doowon,Schoegge,Engineer,9999-01-01,2001-05-29
222354,Valdiodio,Schlumberger,Engineer,9999-01-01,2001-08-07
476122,Khun,Spieker,Engineer,9999-01-01,1995-05-07
490551,Lalit,Lindqvist,Engineer,9999-01-01,1998-11-07
473940,Avishai,Majewski,Engineer,9999-01-01,1998-01-10
412757,Leen,Peak,Engineer,9999-01-01,1999-11-20
401278,Oguz,Schurmann,Engineer,9999-01-01,1995-11-11
471911,Arun,Zaccaria,Engineer,9999-01-01,1998-05-31
471397,Nigel,Zirintsis,Engineer,9999-01-01,1999-01-03
400796,Bodo,Halevi,Engineer,9999-01-01,1996-05-30
400780,Poornachandra,Asser,Engineer,9999-01-01,1993-11-07
299580,Luisa,Itzfeldt,Engineer,9999-01-01,1997-01-23
207021,Jacqueline,Akaboshi,Engineer,9999-01-01,1997-12-06
292515,Bernd,Thummel,Engineer,9999-01-01,1998-08-03
207204,Kellie,Schrooten,Engineer,9999-01-01,1999-01-17
291669,Faiza,Bach,Engineer,9999-01-01,1999-09-13
469399,Hongzhu,Ruemmler,Engineer,9999-01-01,1999-02-14
402102,Kersti,Granlund,Engineer,9999-01-01,1995-03-19
16528,Gaurav,Swick,Engineer,9999-01-01,2001-05-07
242081,Tomokazu,Pargas,Engineer,9999-01-01,2001-11-15
86655,Zhenhua,Lorys,Engineer,9999-01-01,1995-08-21
214995,Dinkar,Hoppenstand,Engineer,9999-01-01,1994-05-04
242800,Kazuyasu,Levergood,Engineer,9999-01-01,1996-02-10
66643,Jianhao,Tomescu,Engineer,9999-01-01,1996-08-26
87714,Khun,Janetzko,Engineer,9999-01-01,1998-09-13
404788,Basem,Beausoleil,Engineer,9999-01-01,1998-03-16
421312,Mariangiola,Bashian,Engineer,9999-01-01,1999-09-18
409391,Willard,Verspoor,Engineer,9999-01-01,1999-02-28
88411,Lena,Cannane,Engineer,9999-01-01,2000-01-28
406564,Parviz,Picco,Engineer,9999-01-01,1995-04-16
88647,Vasiliy,Ratnaker,Engineer,9999-01-01,1995-08-09
408114,Geoffrey,Ladret,Engineer,9999-01-01,1994-01-03
88965,Mang,Hedayat,Engineer,9999-01-01,1995-05-22
60845,Bedir,Siegrist,Engineer,9999-01-01,1997-05-13
271219,Odoardo,Tyugu,Engineer,9999-01-01,1994-11-07
459685,Hirochika,Goldhammer,Engineer,9999-01-01,1998-03-12
32552,Atreye,Stanger,Engineer,9999-01-01,1999-09-10
89346,Mansur,Comyn,Engineer,9999-01-01,1999-08-31
454338,Mohammed,Georg,Engineer,9999-01-01,1998-08-03
272316,Surveyors,Muhling,Engineer,9999-01-01,1999-07-19
273396,Wayne,Baba,Engineer,9999-01-01,1998-03-07
479024,Ewing,Kalorkoti,Engineer,9999-01-01,1996-12-21
90077,Vivian,Guerreiro,Engineer,9999-01-01,1998-07-08
90211,Bader,Denis,Engineer,9999-01-01,1997-10-06
275158,Satyanarayana,Brandsma,Engineer,9999-01-01,1999-12-08
21181,Jianhui,Cangellaris,Engineer,9999-01-01,1999-10-06
90614,Yonghoan,Trogemann,Engineer,9999-01-01,1997-09-23
21188,Piyush,Danecki,Engineer,9999-01-01,2000-01-08
32844,Tadahiko,Melton,Engineer,9999-01-01,1995-01-07
69878,Chinya,Cooke,Engineer,9999-01-01,1997-01-29
418606,Michaela,Otillio,Engineer,9999-01-01,1994-01-05
14476,Sastry,Marrevee,Engineer,9999-01-01,1999-09-25
218831,Unal,DuBourdieux,Engineer,9999-01-01,1996-03-13
432523,Takahiro,Maquelin,Engineer,9999-01-01,1997-07-21
61873,Woody,Rusmann,Engineer,9999-01-01,2002-02-26
14075,Denny,Tchuente,Engineer,9999-01-01,1998-05-30
432257,Kwangjo,Hiltgen,Engineer,9999-01-01,1998-12-22
232723,Tesuya,Bugrara,Engineer,9999-01-01,2002-02-13
414091,Wuxu,Kuhnemann,Engineer,9999-01-01,1997-08-19
71745,Adil,Laventhal,Engineer,9999-01-01,2001-05-13
72190,Sajjad,Waeselynck,Engineer,9999-01-01,1999-09-13
442898,Aksel,Gire,Engineer,9999-01-01,1999-06-27
442490,Navid,Luke,Engineer,9999-01-01,1994-10-17
246364,Alper,Tiemann,Engineer,9999-01-01,1998-10-29
233394,Khalid,Lenart,Engineer,9999-01-01,1995-12-24
425830,Guther,Conia,Engineer,9999-01-01,1999-02-13
62245,Adel,Bressoud,Engineer,9999-01-01,1995-08-30
425437,Moni,Staudhammer,Engineer,9999-01-01,1999-03-23
95406,Alair,Lyonns,Engineer,9999-01-01,1997-07-12
95416,Gianluca,Ramaiah,Engineer,9999-01-01,1993-11-29
95509,Kristinn,Loncour,Engineer,9999-01-01,1995-02-08
22185,Huai,Birch,Engineer,9999-01-01,2002-03-26
73743,Anneke,Bernardeschi,Engineer,9999-01-01,1999-11-01
96579,Mohan,Tasistro,Engineer,9999-01-01,1996-02-10
233690,Cedric,Riefers,Engineer,9999-01-01,1994-09-08
74344,Hiroyasu,Provine,Engineer,9999-01-01,1994-11-25
233759,Zissis,Lodder,Engineer,9999-01-01,1999-09-25
224135,Annemarie,Bressoud,Engineer,9999-01-01,1998-06-23
49177,Tze,Bach,Engineer,9999-01-01,1999-03-09
426819,Sandeepan,Kulisch,Engineer,9999-01-01,1997-05-16
482335,Kwangyoen,Peck,Engineer,9999-01-01,1994-01-16
41357,Willard,Vernadat,Engineer,9999-01-01,1997-03-04
284954,Anneke,Hammerschmidt,Engineer,9999-01-01,1996-01-30
17731,Gennady,Roison,Engineer,9999-01-01,1997-12-06
216502,Xiaocheng,Suermann,Engineer,9999-01-01,1997-12-15
453688,Chinya,Leslie,Engineer,9999-01-01,1995-10-28
77815,Ronghao,Picaronny,Engineer,9999-01-01,2002-06-09
497391,Paris,Lieblein,Engineer,9999-01-01,1999-05-19
78363,Susumu,Fritzsche,Engineer,9999-01-01,1998-06-23
56829,Nagui,Gruenwald,Engineer,9999-01-01,1995-12-24
103342,Beshir,Hellwagner,Engineer,9999-01-01,1998-02-03
452365,Fei,Gadepally,Engineer,9999-01-01,1997-11-13
42955,Yucel,Lortz,Engineer,9999-01-01,1995-02-21
258028,Mountaz,Reinhart,Engineer,9999-01-01,2000-01-21
488619,Georgy,Bennis,Engineer,9999-01-01,1998-04-11
43848,Phillip,Oxenboll,Engineer,9999-01-01,1999-05-26
44054,Alenka,Ritcey,Engineer,9999-01-01,1997-02-09
44265,Maria,Eppinger,Engineer,9999-01-01,1997-01-30
225601,Masasuke,Genin,Engineer,9999-01-01,1999-06-25
225788,Ipke,Kieras,Engineer,9999-01-01,1995-12-18
50293,Xinan,Rindone,Engineer,9999-01-01,1996-10-08
474763,Mayuko,Clouatre,Engineer,9999-01-01,1997-09-04
424984,Vasilis,Waleschkowski,Engineer,9999-01-01,1996-05-26
109552,Menkae,Etalle,Engineer,9999-01-01,2002-05-21
109703,Arco,Walston,Engineer,9999-01-01,1999-08-16
63706,Sedat,Itzigehl,Engineer,9999-01-01,1997-07-31
492639,Sanjoy,Porenta,Engineer,9999-01-01,1997-07-10
291612,Siamak,Gomatam,Engineer,9999-01-01,1998-07-08
488482,Kensyu,Tsunoo,Engineer,9999-01-01,1999-12-05
202291,Ortrun,Schmiedel,Engineer,9999-01-01,1997-07-18
202403,Gully,Perko,Engineer,9999-01-01,1999-07-07
292146,Khatoun,Pulkowski,Engineer,9999-01-01,1998-01-11
214539,Ingmar,Kohling,Engineer,9999-01-01,1995-04-25
465874,Herb,Picht,Engineer,9999-01-01,1994-05-31
228098,IEEE,Kroll,Engineer,9999-01-01,1997-05-10
58454,Ziya,Zambonelli,Engineer,9999-01-01,1999-06-29
429569,Fumiya,Chappelet,Engineer,9999-01-01,1999-09-04
416892,Shooichi,Vandervoorde,Engineer,9999-01-01,1996-08-16
82511,Uwe,Koblick,Engineer,9999-01-01,1998-04-04
47139,Marco,Usdin,Engineer,9999-01-01,1996-10-29
82919,Shigeu,Claffy,Engineer,9999-01-01,1998-02-03
426228,Supot,Badache,Engineer,9999-01-01,1996-08-17
262752,Pramod,Bierman,Engineer,9999-01-01,1997-12-12
422146,Kenton,Miara,Engineer,9999-01-01,1999-05-14
205018,Yahiko,Awdeh,Engineer,9999-01-01,1998-08-05
264030,Zdislav,Solares,Engineer,9999-01-01,1998-12-14
27699,Falguni,Pezzoli,Engineer,9999-01-01,1996-12-23
58990,Palash,Trelles,Engineer,9999-01-01,1998-11-18
458383,Mabhin,Foote,Engineer,9999-01-01,1999-04-23
229727,Ewing,Millington,Engineer,9999-01-01,1999-09-28
84508,Tommaso,Vidya,Engineer,9999-01-01,1998-05-02
458111,Florian,Tramer,Engineer,9999-01-01,1999-11-07
84922,Parke,Unno,Engineer,9999-01-01,1996-07-01
31909,Murthy,Peek,Engineer,9999-01-01,1994-07-19
221369,Abdulah,Pocchiola,Engineer,9999-01-01,1996-08-28
457611,Indrajit,Krogh,Engineer,9999-01-01,1998-09-18
60000,Heekeun,Emmart,Engineer,9999-01-01,2001-09-22
66382,Domenico,Candan,Engineer,9999-01-01,1997-07-13
85702,Udi,Merks,Engineer,9999-01-01,1997-08-15
20313,Candida,Benveniste,Engineer,9999-01-01,1999-01-20
277420,Rayond,Schach,Senior Engineer,9999-01-01,2001-04-21
277777,Herbert,Itzigehl,Senior Engineer,9999-01-01,1990-07-04
414027,Tadanori,Msuda,Senior Engineer,9999-01-01,1997-11-06
63294,Tetsushi,Tanemo,Senior Engineer,9999-01-01,2002-03-01
63419,Hiroyasu,Seuren,Senior Engineer,9999-01-01,1989-03-05
279280,Niranjan,Debuse,Senior Engineer,9999-01-01,2001-09-21
456982,Shounak,Dratva,Senior Engineer,9999-01-01,1997-01-05
491162,Panayotis,Hempstead,Senior Engineer,9999-01-01,1994-08-29
284561,Duri,Beznosov,Senior Engineer,9999-01-01,1988-02-15
284711,Martijn,Azevdeo,Senior Engineer,9999-01-01,1988-02-10
284717,Gal,Ranta,Senior Engineer,9999-01-01,1997-11-07
412404,Mitsuyuki,Jeansoulin,Senior Engineer,9999-01-01,1999-10-28
285396,Lena,Kohling,Senior Engineer,9999-01-01,1991-10-04
63631,Falguni,Cherinka,Senior Engineer,9999-01-01,1986-09-08
411082,Martine,Cangellaris,Senior Engineer,9999-01-01,1998-04-28
287482,Shigeaki,Gihr,Senior Engineer,9999-01-01,2002-03-18
287583,Jovan,Hockney,Senior Engineer,9999-01-01,1997-06-21
287609,Sailaja,Negoita,Senior Engineer,9999-01-01,2000-01-19
411070,Otmar,Brandsma,Senior Engineer,9999-01-01,1992-05-27
287984,Troy,Kobuchi,Senior Engineer,9999-01-01,1999-02-12
288028,Kauko,Narwekar,Senior Engineer,9999-01-01,1994-12-16
288665,Horward,Khasidashvili,Senior Engineer,9999-01-01,1998-11-19
64023,Laurentiu,Benzmuller,Senior Engineer,9999-01-01,1999-11-08
31514,Harngdar,Schapire,Senior Engineer,9999-01-01,2001-11-09
292210,Masaru,Huhdanpaa,Senior Engineer,9999-01-01,2001-11-23
292504,Georgi,Bednarek,Senior Engineer,9999-01-01,2002-03-02
64487,Tsutomu,Rebaine,Senior Engineer,9999-01-01,1994-09-17
293329,Fumiya,Griswold,Senior Engineer,9999-01-01,1994-06-12
64532,Atilio,Segond,Senior Engineer,9999-01-01,1996-11-28
478833,Pradeep,Valiente,Senior Engineer,9999-01-01,1998-09-19
294857,Caolyn,Ozeri,Senior Engineer,9999-01-01,1993-07-29
410881,Koichi,Grabner,Senior Engineer,9999-01-01,1990-04-24
410616,Gudjon,Kalorkoti,Senior Engineer,9999-01-01,1999-04-14
64790,Shin,Piveteau,Senior Engineer,9999-01-01,1993-04-19
296718,Kamakshi,Bahl,Senior Engineer,9999-01-01,1987-12-22
455914,Peer,Angelopoulos,Senior Engineer,9999-01-01,1996-07-23
298339,King,Benzmuller,Senior Engineer,9999-01-01,1995-09-04
64984,Eldridge,Eldridge,Senior Engineer,9999-01-01,1991-06-24
454994,Mohan,Picht,Senior Engineer,9999-01-01,2000-02-24
65539,Aksel,Picaronny,Senior Engineer,9999-01-01,1998-01-27
400358,Angus,Jullig,Senior Engineer,9999-01-01,1997-04-13
410433,Kazuhisa,Riesenhuber,Senior Engineer,9999-01-01,1992-10-06
494088,Phule,Dahlbom,Senior Engineer,9999-01-01,1997-02-06
402664,Subhada,Janetzko,Senior Engineer,9999-01-01,1987-01-25
402718,Jeanna,Rettelbach,Senior Engineer,9999-01-01,1996-02-14
403010,Toshimitsu,Sluis,Senior Engineer,9999-01-01,1985-02-18
454825,Kamakshi,Schusler,Senior Engineer,9999-01-01,2001-05-24
409898,Divier,Ishibashi,Senior Engineer,9999-01-01,1994-09-22
66702,Deniz,Thibadeau,Senior Engineer,9999-01-01,2000-09-26
408163,Irene,Sethi,Senior Engineer,9999-01-01,1996-09-06
454791,Xiaoqiu,Pietracaprina,Senior Engineer,9999-01-01,1994-07-09
66807,Aiman,Rosaz,Senior Engineer,9999-01-01,1999-05-22
67934,Aiman,Gargeya,Senior Engineer,9999-01-01,1993-03-07
68416,Munenori,Debuse,Senior Engineer,9999-01-01,1990-11-08
68608,Yucai,Seghrouchni,Senior Engineer,9999-01-01,1994-06-09
68633,Chinhyun,Rassart,Senior Engineer,9999-01-01,1993-07-29
453790,Fai,Keirsey,Senior Engineer,9999-01-01,1999-10-12
18810,Taiji,Jarecki,Senior Engineer,9999-01-01,1999-06-27
478768,Arun,Katzenelson,Senior Engineer,9999-01-01,1997-10-27
19236,Elzbieta,Morris,Senior Engineer,9999-01-01,1993-07-12
70990,Arumugam,Nitta,Senior Engineer,9999-01-01,1990-03-23
477969,Bluma,Mundy,Senior Engineer,9999-01-01,2000-10-17
33722,Anwar,Collette,Senior Engineer,9999-01-01,1994-03-22
71243,Kinh,Buchter,Senior Engineer,9999-01-01,1993-03-29
71334,Cathie,Peck,Senior Engineer,9999-01-01,1998-04-12
71685,Kristinn,Olano,Senior Engineer,9999-01-01,1989-10-03
72194,Feiyu,Siepmann,Senior Engineer,9999-01-01,1998-10-01
72232,Naraig,Veldwijk,Senior Engineer,9999-01-01,1996-07-10
72640,Honglan,Hutton,Senior Engineer,9999-01-01,1998-10-04
19803,Ziva,Kowalchuk,Senior Engineer,9999-01-01,1992-06-12
73076,Froduald,Feldhoffer,Senior Engineer,9999-01-01,1993-03-16
73233,Shigeo,Merey,Senior Engineer,9999-01-01,1985-07-30
73516,Qingxiang,Badache,Senior Engineer,9999-01-01,1996-06-25
74200,Holgard,Weiland,Senior Engineer,9999-01-01,1991-09-24
34446,Chinhyun,Bauknecht,Senior Engineer,9999-01-01,1986-12-19
74800,Yuuichi,Conde,Senior Engineer,9999-01-01,1999-03-08
75354,Shuky,Jakobus,Senior Engineer,9999-01-01,1993-06-16
75703,Kyoichi,Erman,Senior Engineer,9999-01-01,2001-07-25
76189,Kolar,Hinsberger,Senior Engineer,9999-01-01,1994-10-20
76201,Arif,Preusig,Senior Engineer,9999-01-01,1992-04-02
76640,Tristan,Mitsuhashi,Senior Engineer,9999-01-01,2000-07-12
453723,Arne,Kohling,Senior Engineer,9999-01-01,1993-12-13
34452,Naftaly,Foong,Senior Engineer,9999-01-01,2000-05-09
452956,Gou,Thombley,Senior Engineer,9999-01-01,1987-04-09
78871,Conor,Ghandeharizadeh,Senior Engineer,9999-01-01,1985-05-25
79171,Guiseppe,Ellozy,Senior Engineer,9999-01-01,1991-01-12
34533,Erzsebet,Shigei,Senior Engineer,9999-01-01,1991-01-21
79606,Arnd,Peir,Senior Engineer,9999-01-01,1986-12-11
476327,Reinhold,Binkley,Senior Engineer,9999-01-01,2000-05-28
34788,Ennio,Babu,Senior Engineer,9999-01-01,1994-08-31
452325,Taiji,Berstel,Senior Engineer,9999-01-01,2001-12-02
35044,Jiang,Waschkowski,Senior Engineer,9999-01-01,1997-05-27
14127,Magdalena,Cannard,Senior Engineer,9999-01-01,2002-04-22
80850,Koldo,Luit,Senior Engineer,9999-01-01,2001-04-15
80889,Shigeo,Linnainmaa,Senior Engineer,9999-01-01,1985-07-30
80948,Harjit,Bardell,Senior Engineer,9999-01-01,1996-05-23
81105,Jaewon,Boissier,Senior Engineer,9999-01-01,1998-05-24
452137,Subir,Miake,Senior Engineer,9999-01-01,2002-07-11
451272,Jacopo,Krohm,Senior Engineer,9999-01-01,1997-04-23
81995,Sreekrishna,Brender,Senior Engineer,9999-01-01,1996-03-21
82069,Yechezkel,Perfilyeva,Senior Engineer,9999-01-01,2000-11-02
82098,Poornachandra,Wilharm,Senior Engineer,9999-01-01,1998-04-20
35441,Chandrasekaran,Peek,Senior Engineer,9999-01-01,1993-02-06
82928,Alselm,Rikino,Senior Engineer,9999-01-01,1997-11-16
83280,Francesca,Ellozy,Senior Engineer,9999-01-01,1999-08-08
83289,Shigeichiro,Engelmann,Senior Engineer,9999-01-01,2000-01-09
83509,Breannda,Collavizza,Senior Engineer,9999-01-01,1994-10-12
35642,Ashish,Talmon,Senior Engineer,9999-01-01,2002-06-13
83714,Ohad,Kilgore,Senior Engineer,9999-01-01,1997-07-01
83805,Manohar,Harllee,Senior Engineer,9999-01-01,1987-03-11
20129,Rafael,Skafidas,Senior Engineer,9999-01-01,2000-03-27
450817,DAIDA,Frolund,Senior Engineer,9999-01-01,1996-07-16
84179,Shuichi,Nanard,Senior Engineer,9999-01-01,1989-03-14
35798,Ulf,Oberman,Senior Engineer,9999-01-01,1997-03-15
84451,Shiv,Aumann,Senior Engineer,9999-01-01,1998-06-14
450184,Selwyn,Henseler,Senior Engineer,9999-01-01,1993-03-09
449984,Hinrich,Perin,Senior Engineer,9999-01-01,1993-11-20
490720,Younwoo,Samarati,Senior Engineer,9999-01-01,1996-08-19
85288,Younwoo,Luders,Senior Engineer,9999-01-01,2002-03-31
447999,Shiv,Vilarrasa,Senior Engineer,9999-01-01,1995-08-01
447982,Shiv,Baezner,Senior Engineer,9999-01-01,1996-12-16
472950,Weidon,Fordan,Senior Engineer,9999-01-01,1986-03-27
86354,Ronghao,Segond,Senior Engineer,9999-01-01,1993-09-13
472238,Jungsoon,Gubsky,Senior Engineer,9999-01-01,1990-10-09
86546,Oldrich,Woycyznski,Senior Engineer,9999-01-01,1990-05-15
447966,Kamakshi,Hebert,Senior Engineer,9999-01-01,2002-01-17
447613,Paris,Restivo,Senior Engineer,9999-01-01,1991-11-21
87353,Quingbo,Coombs,Senior Engineer,9999-01-01,1999-01-17
36982,Kotesh,Rajala,Senior Engineer,9999-01-01,2000-06-23
87783,Conor,Thorensen,Senior Engineer,9999-01-01,1988-02-24
498955,Nechama,Kandlur,Senior Engineer,9999-01-01,2002-01-16
447018,Dannz,Miara,Senior Engineer,9999-01-01,2000-12-04
37945,Suzette,Butterworth,Senior Engineer,9999-01-01,1994-02-19
89048,Otmar,Birjandi,Senior Engineer,9999-01-01,1992-03-23
38043,Michaela,Randi,Senior Engineer,9999-01-01,1994-11-23
38103,Masasuke,Babu,Senior Engineer,9999-01-01,1993-03-31
20885,Otmar,Rothenberg,Senior Engineer,9999-01-01,1996-03-14
38550,JoAnne,Baez,Senior Engineer,9999-01-01,1987-02-16
446424,DAIDA,Nooteboom,Senior Engineer,9999-01-01,1992-11-24
89680,Aiman,Mawatari,Senior Engineer,9999-01-01,1997-05-01
89806,Xiadong,Shinomoto,Senior Engineer,9999-01-01,2002-05-24
89922,Alexius,Ibel,Senior Engineer,9999-01-01,1993-04-24
38593,Huei,Orsini,Senior Engineer,9999-01-01,1995-06-04
90084,Renny,Bale,Senior Engineer,9999-01-01,1996-11-22
90292,Koichi,Assaf,Senior Engineer,9999-01-01,1998-05-26
91182,Lucien,Schwartzburd,Senior Engineer,9999-01-01,1994-08-25
91229,Yahiko,Hebden,Senior Engineer,9999-01-01,2001-10-03
444487,Udi,Rullman,Senior Engineer,9999-01-01,1994-04-09
444465,Prasadram,Bultermann,Senior Engineer,9999-01-01,1997-08-29
39341,Mahmut,Lampe,Senior Engineer,9999-01-01,1994-05-11
92438,Aria,Kilgore,Senior Engineer,9999-01-01,1996-02-28
92454,Visit,McFarlan,Senior Engineer,9999-01-01,1996-10-21
470472,Zhiguo,Staudhammer,Senior Engineer,9999-01-01,1991-12-03
21843,Karsten,Azadmanesh,Senior Engineer,9999-01-01,1985-11-29
40283,Sudhanshu,Boissier,Senior Engineer,9999-01-01,1993-05-11
92920,Huei,Hutter,Senior Engineer,9999-01-01,2000-01-29
93040,Jaques,Kabayashi,Senior Engineer,9999-01-01,1992-03-13
93220,Richara,Walston,Senior Engineer,9999-01-01,1996-08-27
93278,Magdalena,Penn,Senior Engineer,9999-01-01,2002-01-04
40301,Spyrose,Felder,Senior Engineer,9999-01-01,1996-06-16
40536,Harngdar,Bernardinello,Senior Engineer,9999-01-01,1996-02-29
47262,Gonzalo,Binkley,Senior Engineer,9999-01-01,1990-08-16
94944,Heping,Matheson,Senior Engineer,9999-01-01,1997-06-24
442312,Zengping,Cusworth,Senior Engineer,9999-01-01,1997-06-06
95286,Kristin,Guerreiro,Senior Engineer,9999-01-01,1997-08-23
10933,Juyoung,Seghrouchni,Senior Engineer,9999-01-01,1993-08-02
96571,Kokou,Garrabrants,Senior Engineer,9999-01-01,1997-11-05
96767,Arumugam,Vecchio,Senior Engineer,9999-01-01,1992-08-14
97018,Jeanna,Chinen,Senior Engineer,9999-01-01,1994-01-01
469735,Arif,Stranks,Senior Engineer,9999-01-01,1992-11-16
469529,Neven,Rikino,Senior Engineer,9999-01-01,1993-10-21
15050,Nikolaos,Kruskal,Senior Engineer,9999-01-01,1996-12-16
98306,Ziya,Kadhim,Senior Engineer,9999-01-01,1995-11-02
442096,Martijn,DiGiano,Senior Engineer,9999-01-01,1990-06-15
439377,Mari,Plessier,Senior Engineer,9999-01-01,1997-07-04
99377,Carrsten,Francisci,Senior Engineer,9999-01-01,1991-06-16
41518,Keung,Schapiro,Senior Engineer,9999-01-01,1998-04-19
100865,Hisao,Peral,Senior Engineer,9999-01-01,1998-10-03
100916,Heejo,Aamodt,Senior Engineer,9999-01-01,2001-04-22
41520,Xiong,Uhrik,Senior Engineer,9999-01-01,1988-03-21
12155,Keiichiro,Glinert,Senior Engineer,9999-01-01,2001-09-16
15413,Arvin,Rabejac,Senior Engineer,9999-01-01,2002-01-01
42911,Brigham,Eterovic,Senior Engineer,9999-01-01,1999-10-08
103316,Susanne,Peternell,Senior Engineer,9999-01-01,1999-07-27
22926,Manibrata,Genther,Senior Engineer,9999-01-01,1996-01-15
488693,Jiong,Zultner,Senior Engineer,9999-01-01,1993-03-10
107737,Fabrizio,Chleq,Senior Engineer,9999-01-01,1999-07-31
44540,Mingzeng,Sadowski,Senior Engineer,9999-01-01,1989-11-12
109062,Jamaludin,Kandlur,Senior Engineer,9999-01-01,1992-06-19
109211,Gor,Delgrande,Senior Engineer,9999-01-01,2001-11-06
436558,Subir,Greibach,Senior Engineer,9999-01-01,1992-05-24
24205,Roddy,Rubsam,Senior Engineer,9999-01-01,1993-09-19
109741,Hatem,Fadgyas,Senior Engineer,9999-01-01,1991-11-13
44959,Volkmar,Uhrik,Senior Engineer,9999-01-01,1995-01-16
200312,Akemi,Fujisaki,Senior Engineer,9999-01-01,1998-06-25
45162,Dulce,Speel,Senior Engineer,9999-01-01,1996-10-18
24377,Lubomir,Wroclawski,Senior Engineer,9999-01-01,2000-07-25
46811,Junsik,Berendt,Senior Engineer,9999-01-01,1988-04-27
202882,Isaac,Koshino,Senior Engineer,9999-01-01,1995-09-28
12408,Rasiah,Sudkamp,Senior Engineer,9999-01-01,1995-04-18
46943,Pasqua,Maraist,Senior Engineer,9999-01-01,1998-12-06
434936,Sahrah,Rosis,Senior Engineer,9999-01-01,2000-06-23
432787,Toshiko,Ibel,Senior Engineer,9999-01-01,1996-11-23
24571,Cordelia,Gischer,Senior Engineer,9999-01-01,1995-03-14
94761,Hitofumi,Zaccaria,Senior Engineer,9999-01-01,1997-11-22
204425,Gretta,Huttel,Senior Engineer,9999-01-01,1990-10-08
204764,Susanne,Mandelberg,Senior Engineer,9999-01-01,1996-11-01
205500,Mary,Setiz,Senior Engineer,9999-01-01,1989-01-13
205627,Stabislas,Broder,Senior Engineer,9999-01-01,2001-07-16
432261,Arve,Bergere,Senior Engineer,9999-01-01,1994-07-28
47515,Naraig,Jenevein,Senior Engineer,9999-01-01,1987-01-18
205863,Aiichiro,Kusalik,Senior Engineer,9999-01-01,1996-10-03
497174,Sanjiv,Bressoud,Senior Engineer,9999-01-01,1998-04-27
26671,Jiakeng,Kalorkoti,Senior Engineer,9999-01-01,2001-12-25
469366,Aiman,Wilfing,Senior Engineer,9999-01-01,1999-12-30
208147,Manu,Rothenberg,Senior Engineer,9999-01-01,1995-12-07
48882,Leen,Lamparter,Senior Engineer,9999-01-01,2001-06-07
208784,Pranjal,Juneja,Senior Engineer,9999-01-01,1985-03-21
26788,Zongyan,Dalphin,Senior Engineer,9999-01-01,1993-04-23
17206,Berry,DeMori,Senior Engineer,9999-01-01,1998-12-27
17369,Yaghout,Kenevan,Senior Engineer,9999-01-01,1998-01-28
211858,Domenico,Ratnaker,Senior Engineer,9999-01-01,1993-03-24
211879,Gao,Ranze,Senior Engineer,9999-01-01,1999-11-24
49017,Filipp,Flanders,Senior Engineer,9999-01-01,1999-11-26
213447,Armond,Perly,Senior Engineer,9999-01-01,1996-09-14
49119,Lena,Peek,Senior Engineer,9999-01-01,1997-05-15
214789,Arfst,Chepyzhov,Senior Engineer,9999-01-01,1997-02-06
214866,Gopalakrishnan,Angel,Senior Engineer,9999-01-01,2002-07-05
430891,Khalil,Gien,Senior Engineer,9999-01-01,1991-08-06
468659,Ranga,Lemarechal,Senior Engineer,9999-01-01,1997-11-05
27620,Shuji,Kandlur,Senior Engineer,9999-01-01,1997-03-02
216342,Aiichiro,Cromarty,Senior Engineer,9999-01-01,2000-06-09
217080,Masami,Puoti,Senior Engineer,9999-01-01,2000-01-21
217387,Jianhao,Molenaar,Senior Engineer,9999-01-01,1994-10-22
217551,Panayotis,Lukaszewicz,Senior Engineer,9999-01-01,1995-06-06
50311,Mooi,Stafford,Senior Engineer,9999-01-01,1996-10-06
429249,Alassane,Wolniewicz,Senior Engineer,9999-01-01,1993-10-06
219047,Aemilian,Kusalik,Senior Engineer,9999-01-01,1995-05-27
428917,Theron,Billawala,Senior Engineer,9999-01-01,2001-02-16
427320,Mamdouh,Ramamoorthy,Senior Engineer,9999-01-01,2000-01-13
468417,Kamakshi,Huhdanpaa,Senior Engineer,9999-01-01,2001-08-26
220029,Demos,Asser,Senior Engineer,9999-01-01,1985-11-04
50831,Marie,Khalid,Senior Engineer,9999-01-01,1990-10-27
426644,Zejun,Broomell,Senior Engineer,9999-01-01,2002-01-19
221126,Tesuya,dAstous,Senior Engineer,9999-01-01,1995-11-30
221435,Djenana,Marrevee,Senior Engineer,9999-01-01,2000-02-06
51060,Youngkon,Rohrbach,Senior Engineer,9999-01-01,1998-10-20
222878,Annemarie,Zallocco,Senior Engineer,9999-01-01,1996-05-27
222926,Limsoon,Erol,Senior Engineer,9999-01-01,1997-12-31
222952,Gopalakrishnan,Suermann,Senior Engineer,9999-01-01,1998-04-30
51142,Rosine,Lakshmanan,Senior Engineer,9999-01-01,1991-01-31
224335,Perry,Chachaty,Senior Engineer,9999-01-01,1992-07-22
52038,Chikako,Armand,Senior Engineer,9999-01-01,1985-05-18
28193,Xinglin,Mitsuhashi,Senior Engineer,9999-01-01,1997-12-14
225964,Mooi,Cooman,Senior Engineer,9999-01-01,1998-06-07
226227,Herbert,Erva,Senior Engineer,9999-01-01,1995-09-06
227476,Macha,Schnabel,Senior Engineer,9999-01-01,1996-05-11
423633,Mariusz,Tokunaga,Senior Engineer,9999-01-01,1985-02-11
28974,Chenxi,Sundgren,Senior Engineer,9999-01-01,1986-09-02
486808,Geoffrey,Siochi,Senior Engineer,9999-01-01,1998-12-27
229391,Paloma,Henseler,Senior Engineer,9999-01-01,1997-06-10
421755,Shichao,Thiria,Senior Engineer,9999-01-01,2001-01-10
52599,Augustine,Mungall,Senior Engineer,9999-01-01,1996-08-30
230498,Kolar,Puppo,Senior Engineer,9999-01-01,1998-04-25
485489,Keiichiro,Armand,Senior Engineer,9999-01-01,1996-12-13
420086,Susuma,Kitsuregawa,Senior Engineer,9999-01-01,1993-05-28
231798,Goetz,Alvarado,Senior Engineer,9999-01-01,1997-12-25
491596,Charmane,Pargas,Senior Engineer,9999-01-01,1993-07-29
232697,Barry,Ramsak,Senior Engineer,9999-01-01,1999-09-07
233114,Alselm,Gargeya,Senior Engineer,9999-01-01,1987-12-25
465711,Lakshmi,Frijda,Senior Engineer,9999-01-01,1995-04-21
233426,Etsuo,Usery,Senior Engineer,9999-01-01,2000-03-01
233765,Kotesh,Chachaty,Senior Engineer,9999-01-01,1997-03-24
52956,Khalil,Picci,Senior Engineer,9999-01-01,1992-03-20
233818,Kellie,Heydon,Senior Engineer,9999-01-01,1991-11-11
52970,Lobel,Werthner,Senior Engineer,9999-01-01,1997-03-17
234739,Foong,Aamodt,Senior Engineer,9999-01-01,1986-06-28
463212,Ramya,Rossi,Senior Engineer,9999-01-01,1987-03-02
418566,Kazuhide,Snedden,Senior Engineer,9999-01-01,1996-06-14
236827,Almudena,Rijckaert,Senior Engineer,9999-01-01,1999-02-16
418309,Danel,Petereit,Senior Engineer,9999-01-01,1994-02-21
418298,Arvin,Pusterhofer,Senior Engineer,9999-01-01,2002-03-02
418239,Josyula,Motley,Senior Engineer,9999-01-01,1992-09-05
239664,Sugwoo,Michaels,Senior Engineer,9999-01-01,1999-08-03
53499,Zdislav,Mandelberg,Senior Engineer,9999-01-01,2000-09-10
240236,TRUE,Tischendorf,Senior Engineer,9999-01-01,1992-01-19
240340,Mack,Staylopatis,Senior Engineer,9999-01-01,1991-04-02
53597,Jiafu,Marchegay,Senior Engineer,9999-01-01,1992-03-02
29679,Kolar,Steenbeek,Senior Engineer,9999-01-01,1986-10-18
241100,Cedric,Molenaar,Senior Engineer,9999-01-01,1999-10-06
53924,Arnould,Gaughan,Senior Engineer,9999-01-01,1998-01-23
241567,Emran,Miara,Senior Engineer,9999-01-01,1995-05-02
241728,Limsoon,Boudaillier,Senior Engineer,9999-01-01,1995-08-12
54198,Shaowen,Segond,Senior Engineer,9999-01-01,1993-01-06
29782,Jouko,Hellwagner,Senior Engineer,9999-01-01,1994-12-21
29954,Pranay,Giarratana,Senior Engineer,9999-01-01,1992-09-29
416720,Tokuyasu,Xiaoshan,Senior Engineer,9999-01-01,1998-09-19
55640,Adit,Syrotiuk,Senior Engineer,9999-01-01,1999-07-16
55687,Shih,Lindqvist,Senior Engineer,9999-01-01,1995-03-29
244820,Shigenori,Hertweck,Senior Engineer,9999-01-01,1994-04-13
55799,Jianwen,Litzler,Senior Engineer,9999-01-01,1993-06-16
245164,Filipp,Winter,Senior Engineer,9999-01-01,2001-10-24
30007,Kousuke,Vecchio,Senior Engineer,9999-01-01,1999-02-23
246146,Zhongwei,Melski,Senior Engineer,9999-01-01,1993-09-03
56105,Makato,Remmers,Senior Engineer,9999-01-01,1994-04-16
56209,Remzi,Douceur,Senior Engineer,9999-01-01,1998-12-01
249239,Hideyuki,Decleir,Senior Engineer,9999-01-01,1994-05-04
249504,Dmitry,Velardi,Senior Engineer,9999-01-01,2000-02-29
249780,Nechama,Gaughan,Senior Engineer,9999-01-01,1996-01-16
249799,Jolita,Neimat,Senior Engineer,9999-01-01,1999-12-27
17988,Mabhin,Calkin,Senior Engineer,9999-01-01,1997-11-30
251233,Yucel,Bernini,Senior Engineer,9999-01-01,1998-02-19
251680,Moty,Sommen,Senior Engineer,9999-01-01,1990-08-14
416492,Kannan,Meriste,Senior Engineer,9999-01-01,1992-08-12
254044,Gunilla,Brendel,Senior Engineer,9999-01-01,2000-04-10
258643,Przemyslawa,Esposito,Senior Engineer,9999-01-01,2001-02-26
56847,Menkae,Chinin,Senior Engineer,9999-01-01,1989-08-19
259273,Xiahua,Gomatam,Senior Engineer,9999-01-01,1989-12-01
57934,Sanjoy,Boudaillier,Senior Engineer,9999-01-01,1997-12-27
458790,Ramya,Azadmanesh,Senior Engineer,9999-01-01,1994-11-19
30182,Leon,Potthoff,Senior Engineer,9999-01-01,1993-12-08
58384,Mariusz,Vural,Senior Engineer,9999-01-01,2001-11-14
261737,Mark,Lindqvist,Senior Engineer,9999-01-01,1997-11-22
261986,Gila,Ramsak,Senior Engineer,9999-01-01,1997-05-13
30465,Randi,Avouris,Senior Engineer,9999-01-01,1991-07-16
262210,Chinho,Bottner,Senior Engineer,9999-01-01,1999-07-30
480407,Deniz,Bennis,Senior Engineer,9999-01-01,1996-06-24
414662,Ipke,Schneeberger,Senior Engineer,9999-01-01,1994-09-20
263439,Atreye,Kabayashi,Senior Engineer,9999-01-01,1986-12-15
264167,Baoqiu,Tomescu,Senior Engineer,9999-01-01,1996-05-01
265875,Fan,Marsiglia,Senior Engineer,9999-01-01,1997-09-03
30695,Gudjon,Majewski,Senior Engineer,9999-01-01,1999-10-26
18021,Adil,Matzke,Senior Engineer,9999-01-01,1995-05-08
457489,Berna,Ranst,Senior Engineer,9999-01-01,1992-05-14
267227,Susuma,Tagansky,Senior Engineer,9999-01-01,2001-01-21
60559,Jeanna,Stemann,Senior Engineer,9999-01-01,1996-08-29
268191,LiMin,Teitelbaum,Senior Engineer,9999-01-01,1995-11-01
18424,Filipp,Rousseau,Senior Engineer,9999-01-01,2002-06-07
60875,Rildo,Masaki,Senior Engineer,9999-01-01,1997-01-14
457411,Xudong,Peck,Senior Engineer,9999-01-01,1988-04-18
61253,Cheong,Uhrik,Senior Engineer,9999-01-01,2001-06-04
275881,Jiann,Munro,Senior Engineer,9999-01-01,1988-05-18
31207,Abdelwaheb,Dulin,Senior Engineer,9999-01-01,1993-08-05
61541,Kasidit,Papsdorf,Senior Engineer,9999-01-01,1999-08-17
276445,Atilio,Randi,Senior Engineer,9999-01-01,1994-07-02
276472,Hideyuki,Flanders,Senior Engineer,9999-01-01,1994-11-10
62033,Heeju,Cappelli,Senior Engineer,9999-01-01,1994-01-15
62046,Karlis,Nanard,Senior Engineer,9999-01-01,2001-09-19
252316,Gill,Niizuma,Senior Engineer,9999-01-01,1999-10-08
104988,Parviz,Litzler,Senior Engineer,9999-01-01,1999-08-09
105356,Diederik,Matzov,Senior Engineer,9999-01-01,1996-05-12
105432,Mohamadou,Stafford,Senior Engineer,9999-01-01,2000-09-11
106096,Naftali,Schurmann,Senior Engineer,9999-01-01,1999-12-03
107486,Siamak,Luiz,Senior Engineer,9999-01-01,1987-02-11
108316,Shai,Stellhorn,Senior Engineer,9999-01-01,1992-05-21
200363,Kirk,Quaggetto,Senior Engineer,9999-01-01,1995-06-30
201801,Waiman,Genin,Senior Engineer,9999-01-01,1995-10-30
201915,Sudharsan,DeMori,Senior Engineer,9999-01-01,1997-03-30
202552,Morris,Saoudi,Senior Engineer,9999-01-01,1998-11-22
202826,Kerhong,Matzke,Senior Engineer,9999-01-01,1993-11-14
204471,Franziska,Maginnis,Senior Engineer,9999-01-01,1992-02-17
206966,Tzu,Sichman,Senior Engineer,9999-01-01,1992-11-16
208653,Phillip,Schade,Senior Engineer,9999-01-01,1998-03-03
209101,Xinyu,Edelhoff,Senior Engineer,9999-01-01,1997-10-26
211967,Anwar,Bain,Senior Engineer,9999-01-01,1998-01-22
212361,Claudi,Stanfel,Senior Engineer,9999-01-01,2001-01-06
213016,Yongmao,Fontan,Senior Engineer,9999-01-01,1998-07-26
213384,Pranas,Narwekar,Senior Engineer,9999-01-01,1993-09-26
214634,Shirish,Vickson,Senior Engineer,9999-01-01,1997-10-24
216375,Byong,Gustavson,Senior Engineer,9999-01-01,1985-03-12
216573,Ashish,Vidya,Senior Engineer,9999-01-01,1995-06-16
220131,Reinhard,Slaats,Senior Engineer,9999-01-01,1999-06-08
220799,Perla,Orlowska,Senior Engineer,9999-01-01,1990-12-03
222311,Miyeon,Billingsley,Senior Engineer,9999-01-01,1992-12-05
222319,Matt,Chvatal,Senior Engineer,9999-01-01,1994-11-09
222770,Kazuhiko,Kushner,Senior Engineer,9999-01-01,1995-08-01
225867,Ramalingam,Remmele,Senior Engineer,9999-01-01,1999-09-03
227354,Gio,Murtha,Senior Engineer,9999-01-01,1994-11-11
228766,Nahla,Smailagic,Senior Engineer,9999-01-01,1996-11-21
229220,Fabrizio,Lichtman,Senior Engineer,9999-01-01,1992-02-09
229981,Jamaludin,Fordan,Senior Engineer,9999-01-01,2001-02-05
230002,Tadahiro,Backhouse,Senior Engineer,9999-01-01,1999-10-02
232209,Nitsan,Rouquie,Senior Engineer,9999-01-01,1995-08-02
235325,Gro,Prochazka,Senior Engineer,9999-01-01,1998-10-16
235368,Anneli,Joslin,Senior Engineer,9999-01-01,1987-04-12
235780,Sampalli,Bergere,Senior Engineer,9999-01-01,1994-04-08
235793,Jayesh,Spinelli,Senior Engineer,9999-01-01,1992-07-18
239415,Susumu,Brender,Senior Engineer,9999-01-01,2001-04-17
241254,Jagoda,Anguita,Senior Engineer,9999-01-01,1993-05-11
241667,Atilio,Olivero,Senior Engineer,9999-01-01,1992-09-04
242019,Herb,Murrill,Senior Engineer,9999-01-01,1999-09-27
243077,Kazunori,Perz,Senior Engineer,9999-01-01,1999-02-25
244714,Poorav,Clouatre,Senior Engineer,9999-01-01,1996-05-06
247447,Tzu,Bakhtari,Senior Engineer,9999-01-01,1999-03-18
247888,Abdelghani,Lagarias,Senior Engineer,9999-01-01,1992-09-06
249433,Ayonca,Matzov,Senior Engineer,9999-01-01,1997-06-03
249969,Georgi,Luiz,Senior Engineer,9999-01-01,1999-06-10
250452,Alexius,Plavsic,Senior Engineer,9999-01-01,2000-01-17
250748,Kish,Turnbull,Senior Engineer,9999-01-01,1994-02-10
252392,Sanjeeva,Peron,Senior Engineer,9999-01-01,1999-12-26
253893,Huiqun,Trystram,Senior Engineer,9999-01-01,1993-05-10
255466,Huan,Roccetti,Senior Engineer,9999-01-01,1985-07-03
255657,Oldrich,Cyre,Senior Engineer,9999-01-01,1994-02-10
256881,Ioana,Jakobus,Senior Engineer,9999-01-01,1999-08-10
257062,Stabislas,Pardalos,Senior Engineer,9999-01-01,1997-06-21
261184,Masako,Kornatzky,Senior Engineer,9999-01-01,1987-08-29
262636,Tamiya,Reutenauer,Senior Engineer,9999-01-01,1985-06-02
262928,Piyush,Gill,Senior Engineer,9999-01-01,1998-08-31
263645,Mingsen,Lally,Senior Engineer,9999-01-01,1990-12-04
264939,Bogdan,Bahi,Senior Engineer,9999-01-01,1992-02-10
265521,Kensei,Salverda,Senior Engineer,9999-01-01,2001-05-25
273286,Brigham,Asmuth,Senior Engineer,9999-01-01,1996-01-24
275263,Vojin,Laventhal,Senior Engineer,9999-01-01,1999-10-18
275444,Limsoon,Leppanen,Senior Engineer,9999-01-01,2000-01-22
275994,Uma,Prampolini,Senior Engineer,9999-01-01,1998-02-21
277829,Michaela,Fandrianto,Senior Engineer,9999-01-01,1986-06-02
278953,Jeanna,Ghandeharizadeh,Senior Engineer,9999-01-01,1990-08-11
280648,Heeju,Lorys,Senior Engineer,9999-01-01,1992-12-26
281692,Khosrow,Sommen,Senior Engineer,9999-01-01,1990-03-03
281848,Parke,Staylopatis,Senior Engineer,9999-01-01,1999-07-31
281859,Masanao,Papastamatiou,Senior Engineer,9999-01-01,1993-11-25
282894,Fay,Bellmore,Senior Engineer,9999-01-01,1998-05-03
284687,Oksana,Redmiles,Senior Engineer,9999-01-01,1992-06-22
284691,Theron,Ressouche,Senior Engineer,9999-01-01,1994-08-17
284856,Moto,Kobara,Senior Engineer,9999-01-01,1998-12-12
286573,Nahum,Nishimukai,Senior Engineer,9999-01-01,1997-02-01
286986,Woody,Trelles,Senior Engineer,9999-01-01,1996-05-23
288563,Cristinel,Gerlach,Senior Engineer,9999-01-01,2001-01-08
288893,Bedrich,Rosenbaum,Senior Engineer,9999-01-01,1998-01-27
289454,Bowen,Narwekar,Senior Engineer,9999-01-01,1985-03-08
290563,Shigehiro,Oxenboll,Senior Engineer,9999-01-01,1986-02-26
290769,Lalit,Blokdijk,Senior Engineer,9999-01-01,1999-02-01
292110,Menkae,Showalter,Senior Engineer,9999-01-01,2001-08-09
292828,Ziya,Tokunaga,Senior Engineer,9999-01-01,1995-01-08
293280,Moti,Steenbeek,Senior Engineer,9999-01-01,1993-01-21
293746,Sanjay,Litecky,Senior Engineer,9999-01-01,2000-08-26
294461,Siddarth,Rosiles,Senior Engineer,9999-01-01,1985-11-18
294652,Hironobu,Brodie,Senior Engineer,9999-01-01,1993-09-17
295236,Kauko,Fujisawa,Senior Engineer,9999-01-01,1992-09-12
295278,Val,Barvinok,Senior Engineer,9999-01-01,2000-01-02
296664,Dipayan,Geffroy,Senior Engineer,9999-01-01,1987-09-17
401333,Martins,Shokrollahi,Senior Engineer,9999-01-01,1991-11-04
402025,Shigehito,Duclos,Senior Engineer,9999-01-01,1992-09-19
403954,Jeanna,Bratten,Senior Engineer,9999-01-01,1997-07-26
404018,Valery,Babb,Senior Engineer,9999-01-01,1998-10-19
404236,Zengping,Kakkar,Senior Engineer,9999-01-01,1996-07-22
404462,Anestis,Setlzner,Senior Engineer,9999-01-01,1991-07-13
405063,Yechezkel,Yurov,Senior Engineer,9999-01-01,1998-11-30
406239,Marek,Tomescu,Senior Engineer,9999-01-01,2002-05-15
407837,Fei,Erez,Senior Engineer,9999-01-01,1991-10-15
408019,Shridhar,Chleq,Senior Engineer,9999-01-01,1996-03-21
408953,Jolita,Claffy,Senior Engineer,9999-01-01,1993-12-24
409805,Frazer,Candan,Senior Engineer,9999-01-01,1999-03-05
410372,Duri,Mitina,Senior Engineer,9999-01-01,1995-03-04
410804,Ronnie,Denos,Senior Engineer,9999-01-01,1997-06-08
414543,Bernd,Anick,Senior Engineer,9999-01-01,1988-11-19
414551,Elliott,Copas,Senior Engineer,9999-01-01,1999-09-13
415563,Mrinalini,Bierbaum,Senior Engineer,9999-01-01,1994-03-12
416074,Alain,Lieberherr,Senior Engineer,9999-01-01,1996-05-10
416383,Nectarios,Itschner,Senior Engineer,9999-01-01,1996-03-01
416660,Nathalie,Luke,Senior Engineer,9999-01-01,1997-09-15
418380,Kazuhiko,Gornas,Senior Engineer,9999-01-01,1993-05-20
424584,Kagan,Dredge,Senior Engineer,9999-01-01,2000-02-26
426706,Karsten,Kawashima,Senior Engineer,9999-01-01,1999-03-15
426958,Weijing,Viele,Senior Engineer,9999-01-01,1993-10-03
427571,Torsten,Ranta,Senior Engineer,9999-01-01,1996-12-10
427852,Adil,Kieras,Senior Engineer,9999-01-01,1992-07-20
430054,Erzsebet,Setiz,Senior Engineer,9999-01-01,1998-06-10
430558,Xiong,Roisin,Senior Engineer,9999-01-01,1995-03-02
431657,Visit,Thiran,Senior Engineer,9999-01-01,1991-11-14
431887,Poorav,Ranst,Senior Engineer,9999-01-01,1996-06-01
432399,Nitsan,Nollmann,Senior Engineer,9999-01-01,1996-09-09
432665,Flemming,Driscoll,Senior Engineer,9999-01-01,1999-06-28
435791,Hercules,Speer,Senior Engineer,9999-01-01,1999-03-07
440435,Sandeepan,Rosti,Senior Engineer,9999-01-01,1991-11-26
441536,Chinho,Collette,Senior Engineer,9999-01-01,1990-08-07
445067,Eldridge,Kawashima,Senior Engineer,9999-01-01,1997-02-27
445226,Oscar,Baumann,Senior Engineer,9999-01-01,1996-01-22
445950,Ebru,Valtorta,Senior Engineer,9999-01-01,1997-12-09
446306,Hercules,Kabayashi,Senior Engineer,9999-01-01,1991-06-10
446959,Aram,Passino,Senior Engineer,9999-01-01,1995-01-28
447877,Make,Heuser,Senior Engineer,9999-01-01,1997-07-02
448918,Chiradeep,Arlazarov,Senior Engineer,9999-01-01,1998-10-06
450934,Chanjung,Raoux,Senior Engineer,9999-01-01,1998-05-25
455284,Luisa,Baig,Senior Engineer,9999-01-01,2002-07-12
455814,Giao,DuCasse,Senior Engineer,9999-01-01,1999-07-19
457776,Florian,Siepmann,Senior Engineer,9999-01-01,1996-12-20
457813,Foong,Gargeya,Senior Engineer,9999-01-01,2000-01-24
457832,Jackson,Zielinski,Senior Engineer,9999-01-01,1997-09-12
460707,Yoshinari,Lanteri,Senior Engineer,9999-01-01,2001-12-25
461120,Shietung,Gelosh,Senior Engineer,9999-01-01,2001-03-26
462493,Paloma,Gerlach,Senior Engineer,9999-01-01,1994-07-26
465062,Stafford,Gist,Senior Engineer,9999-01-01,1995-05-08
465076,Tokuyasu,Ghelli,Senior Engineer,9999-01-01,1993-05-05
466509,Bezalel,Verhoeff,Senior Engineer,9999-01-01,1993-03-22
467392,Mariusz,Rikino,Senior Engineer,9999-01-01,2001-04-12
467441,Margareta,Bondorf,Senior Engineer,9999-01-01,1994-11-07
468773,Baziley,Brookner,Senior Engineer,9999-01-01,1999-09-22
469104,Nadjib,Comellas,Senior Engineer,9999-01-01,2002-04-18
469253,Baruch,Basawa,Senior Engineer,9999-01-01,2001-09-17
469269,Weiyi,Codenie,Senior Engineer,9999-01-01,1996-05-27
472790,Zhenbing,Ibel,Senior Engineer,9999-01-01,1985-10-29
475087,Genevieve,Snedden,Senior Engineer,9999-01-01,1988-10-21
475938,Shigeaki,Lanteri,Senior Engineer,9999-01-01,1996-02-18
475965,Rimon,Pietracaprina,Senior Engineer,9999-01-01,1990-07-10
477578,Marit,Paludetto,Senior Engineer,9999-01-01,1998-09-30
478007,Fumino,Narahara,Senior Engineer,9999-01-01,2000-09-20
479407,Randi,Tomescu,Senior Engineer,9999-01-01,2000-11-25
480066,Suebskul,Menhardt,Senior Engineer,9999-01-01,1999-07-26
481764,Teiji,Marrakchi,Senior Engineer,9999-01-01,1986-08-26
481790,Haldun,Erie,Senior Engineer,9999-01-01,1996-09-12
482885,Shaunak,Brizzi,Senior Engineer,9999-01-01,2000-09-01
483675,Hausi,Kamber,Senior Engineer,9999-01-01,1993-02-15
483825,Marek,Mitchem,Senior Engineer,9999-01-01,1992-11-20
484498,Herbert,Hammerschmidt,Senior Engineer,9999-01-01,2001-08-22
484756,Phule,Ruemmler,Senior Engineer,9999-01-01,1996-08-08
485577,Rafael,Menhoudj,Senior Engineer,9999-01-01,1997-04-27
485579,Munehiro,Iwayama,Senior Engineer,9999-01-01,1992-12-15
486958,Tonny,Kropf,Senior Engineer,9999-01-01,1992-07-29
490557,Luise,Vigier,Senior Engineer,9999-01-01,2001-07-01
490568,Zita,Reistad,Senior Engineer,9999-01-01,1998-07-23
491079,Kwangsub,Keirsey,Senior Engineer,9999-01-01,1992-02-04
492217,Heekeun,Verhaegen,Senior Engineer,9999-01-01,1991-09-28
492677,Goetz,McAffer,Senior Engineer,9999-01-01,1994-02-04
493744,Leni,Kropatsch,Senior Engineer,9999-01-01,1997-07-17
496970,Giordano,Maquelin,Senior Engineer,9999-01-01,1999-12-31
497007,Oldrich,Adachi,Senior Engineer,9999-01-01,2002-04-03
498185,Caolyn,Marciano,Senior Engineer,9999-01-01,1999-06-06
498845,Arumugam,Pelc,Senior Engineer,9999-01-01,1999-11-13
263649,Mechthild,Zongker,Senior Staff,9999-01-01,1993-07-26
263926,Fusako,Schwartzbauer,Senior Staff,9999-01-01,1993-04-07
264626,Noritoshi,Bakhtari,Senior Staff,9999-01-01,1998-02-03
472143,Yahiko,Sommen,Senior Staff,9999-01-01,1996-08-14
287983,Randi,Munos,Senior Staff,9999-01-01,1990-09-07
265558,Susuma,Kleiser,Senior Staff,9999-01-01,1994-08-02
265794,Miquel,Halloran,Senior Staff,9999-01-01,2002-01-14
266310,Zvonko,Serdy,Senior Staff,9999-01-01,1992-06-23
267667,Irena,Kaiserswerth,Senior Staff,9999-01-01,1994-09-05
488788,Wuxu,Garigliano,Senior Staff,9999-01-01,1997-09-21
269728,Naftali,Kragelund,Senior Staff,9999-01-01,1993-05-15
467176,Przemyslawa,Borovoy,Senior Staff,9999-01-01,1998-06-18
413205,Mototsugu,Prampolini,Senior Staff,9999-01-01,1988-06-12
272285,Gully,Mitchem,Senior Staff,9999-01-01,1995-01-22
244605,Masoud,Suwa,Senior Staff,9999-01-01,1997-11-25
272599,Holgard,Hegner,Senior Staff,9999-01-01,1998-07-15
287713,Aamod,Ranka,Senior Staff,9999-01-01,1992-12-07
109953,Godehard,Chorvat,Senior Staff,9999-01-01,1996-04-10
273858,Gunilla,Matzen,Senior Staff,9999-01-01,1995-12-28
413666,Remco,Duclos,Senior Staff,9999-01-01,1996-04-18
274271,Prodip,Ritcey,Senior Staff,9999-01-01,1993-09-10
457070,Gay,Plavsic,Senior Staff,9999-01-01,1994-08-06
413831,Mohamadou,Grabner,Senior Staff,9999-01-01,1998-11-25
413832,Marco,Jahnichen,Senior Staff,9999-01-01,1995-03-28
275801,Ayakannu,Heinisuo,Senior Staff,9999-01-01,1986-06-28
236591,Insup,Reinhard,Senior Staff,9999-01-01,1993-04-08
276027,Holgard,Stavenow,Senior Staff,9999-01-01,1995-02-28
276563,Gift,Solares,Senior Staff,9999-01-01,1995-08-01
498635,Florian,Pezzoli,Senior Staff,9999-01-01,1997-07-22
287327,Youjian,Felder,Senior Staff,9999-01-01,2000-07-15
494019,Morrie,Iisaku,Senior Staff,9999-01-01,1999-05-06
243576,Abdulah,Lodder,Senior Staff,9999-01-01,2001-11-10
242500,Bingning,Iisaku,Senior Staff,9999-01-01,1997-06-26
280070,Niteen,Ebeling,Senior Staff,9999-01-01,1993-03-29
473268,Hugo,Sgarro,Senior Staff,9999-01-01,1992-04-24
473299,Khaled,Penn,Senior Staff,9999-01-01,1999-05-20
485253,Gladys,Parhami,Senior Staff,9999-01-01,1996-07-20
240132,Mizuhito,Kobara,Senior Staff,9999-01-01,2001-08-09
458726,Shahaf,Kitai,Senior Staff,9999-01-01,1991-12-26
209443,Krassimir,Garnier,Senior Staff,9999-01-01,1998-01-26
208639,Larisa,Lukaszewicz,Senior Staff,9999-01-01,1994-10-10
239748,Bilhanan,Dusink,Senior Staff,9999-01-01,1996-06-04
282333,Nahla,Serdy,Senior Staff,9999-01-01,2000-09-09
239244,Abdulla,Kitai,Senior Staff,9999-01-01,1996-02-20
414714,Chinho,Delgrande,Senior Staff,9999-01-01,1996-11-07
460691,Munehiko,Gihr,Senior Staff,9999-01-01,1989-12-06
284300,Ishfaq,Mahmud,Senior Staff,9999-01-01,1996-11-28
284431,Pintsang,Fujisawa,Senior Staff,9999-01-01,2002-04-16
494995,Yongmao,Pouyioutas,Senior Staff,9999-01-01,1996-08-24
460920,Remzi,Mitzlaff,Senior Staff,9999-01-01,1986-04-06
296687,Palash,Spieker,Senior Staff,9999-01-01,1996-05-10
285905,Kellyn,Bage,Senior Staff,9999-01-01,1994-11-04
238422,Vishv,Angelov,Senior Staff,9999-01-01,1996-03-08
286370,Toshimitsu,Seuren,Senior Staff,9999-01-01,2000-01-19
414897,Juyoung,Willoner,Senior Staff,9999-01-01,1994-11-03
473490,Pantung,Reeker,Senior Staff,9999-01-01,1998-05-11
465085,Vidar,Gunderson,Senior Staff,9999-01-01,1996-03-18
461801,Sumali,Cooman,Senior Staff,9999-01-01,2000-02-16
488984,Kendra,Junet,Senior Staff,9999-01-01,1993-02-28
416420,Adamantios,Heemskerk,Senior Staff,9999-01-01,1986-08-08
475258,Fumiyo,Feinberg,Senior Staff,9999-01-01,1995-11-22
297431,Cathie,Ratnakar,Senior Staff,9999-01-01,1996-06-23
418717,Arunachalam,Magliocco,Senior Staff,9999-01-01,1992-12-22
418860,Ymte,Dalton,Senior Staff,9999-01-01,1997-11-22
295030,Fun,Keirsey,Senior Staff,9999-01-01,1985-07-09
419953,Ung,Orlowski,Senior Staff,9999-01-01,1998-07-22
420476,Mariangiola,Bolsens,Senior Staff,9999-01-01,1994-06-15
420694,Frazer,Barbanera,Senior Staff,9999-01-01,1991-11-04
420732,Willard,Morrin,Senior Staff,9999-01-01,2001-05-27
109598,Stamatina,Auyong,Senior Staff,9999-01-01,1988-07-05
420765,Shawna,Krider,Senior Staff,9999-01-01,1997-03-09
420877,Khosrow,Erez,Senior Staff,9999-01-01,1996-02-11
421384,Renny,Bednarek,Senior Staff,9999-01-01,1995-06-01
221973,Sangeeta,Kalefeld,Senior Staff,9999-01-01,1996-06-05
423038,Takushi,Strehl,Senior Staff,9999-01-01,1988-10-04
423204,Uma,Stranks,Senior Staff,9999-01-01,1996-09-12
229547,Moni,Schach,Senior Staff,9999-01-01,1991-07-04
423214,Tsutomu,Tetzlaff,Senior Staff,9999-01-01,1993-09-23
423327,Constantijn,Lichtman,Senior Staff,9999-01-01,2001-06-26
218100,Jiong,Garnham,Senior Staff,9999-01-01,1999-01-02
108091,Hisao,Ghemri,Senior Staff,9999-01-01,1990-11-14
424685,Changho,Veevers,Senior Staff,9999-01-01,1997-03-03
425535,Alagu,Vieri,Senior Staff,9999-01-01,1992-08-22
425540,Paddy,Zumaque,Senior Staff,9999-01-01,1995-11-12
425757,Yongdong,Jiang,Senior Staff,9999-01-01,1990-10-13
425780,Paris,Range,Senior Staff,9999-01-01,1997-10-25
426153,Shahaf,Luce,Senior Staff,9999-01-01,1999-04-06
426168,Kaijung,Mateescu,Senior Staff,9999-01-01,1992-11-17
107828,Ramya,Walston,Senior Staff,9999-01-01,1995-02-03
204470,Hein,Lichtner,Senior Staff,9999-01-01,2001-04-02
400046,Hilari,Christ,Senior Staff,9999-01-01,1991-01-19
427776,Jaques,Navazio,Senior Staff,9999-01-01,1998-04-03
427805,Haldun,Compeau,Senior Staff,9999-01-01,1997-10-15
295254,Xuejun,Pfau,Senior Staff,9999-01-01,1993-07-24
496978,Danco,Debuse,Senior Staff,9999-01-01,1998-09-10
428082,Ronghao,Alpin,Senior Staff,9999-01-01,2000-09-10
429231,Kazuyasu,Schmiedel,Senior Staff,9999-01-01,1991-09-07
429238,Mona,Luck,Senior Staff,9999-01-01,1989-05-11
429381,Limsoon,Roohalamini,Senior Staff,9999-01-01,1992-11-25
230689,Dietrich,Crabtree,Senior Staff,9999-01-01,1986-05-24
292404,Hongzue,Zultner,Senior Staff,9999-01-01,1990-02-22
429532,Bartek,Vendrig,Senior Staff,9999-01-01,1996-11-11
429703,Ung,Honglei,Senior Staff,9999-01-01,1993-09-02
229098,Berry,Yurek,Senior Staff,9999-01-01,1995-08-16
101487,Abdelaziz,Sury,Senior Staff,9999-01-01,1999-01-31
204133,Susuma,Bergere,Senior Staff,9999-01-01,1996-02-25
430593,Janalee,Lanzelotte,Senior Staff,9999-01-01,1997-12-01
217272,Yuchang,Eldridge,Senior Staff,9999-01-01,1991-08-01
227901,Francesca,Azuma,Senior Staff,9999-01-01,2001-06-08
217026,Otmar,Engberts,Senior Staff,9999-01-01,1998-08-16
486068,Yefim,Bernardeschi,Senior Staff,9999-01-01,2001-06-26
432031,Adamantios,Matzat,Senior Staff,9999-01-01,1993-02-28
432034,Arfst,Uehara,Senior Staff,9999-01-01,1993-11-15
293752,Jungsoon,Bail,Senior Staff,9999-01-01,1994-02-18
235017,Irena,Dratva,Senior Staff,9999-01-01,1999-09-07
466064,Temple,Danlos,Senior Staff,9999-01-01,1994-06-13
216054,Sahrah,Angiulli,Senior Staff,9999-01-01,1991-07-31
433438,Keiichiro,Miyakawa,Senior Staff,9999-01-01,2000-09-12
434845,Takushi,Skogmar,Senior Staff,9999-01-01,1991-06-07
435181,Kazuhide,Fiutem,Senior Staff,9999-01-01,1998-05-10
435774,Olivera,Bharadwaj,Senior Staff,9999-01-01,2001-04-01
487008,Zhigen,Raney,Senior Staff,9999-01-01,1993-05-26
402827,Weidon,Pollacia,Senior Staff,9999-01-01,1996-02-27
403644,Krisda,Hainaut,Senior Staff,9999-01-01,2000-07-07
438038,Lena,Giaccio,Senior Staff,9999-01-01,1999-03-17
438264,Rasikan,Barreiro,Senior Staff,9999-01-01,2000-09-26
488095,Francoise,Hegner,Senior Staff,9999-01-01,1997-12-23
491478,Gill,Varman,Senior Staff,9999-01-01,1996-06-18
440450,Tzvetan,Scharstein,Senior Staff,9999-01-01,1999-06-16
440642,Snehasis,Kalsbeek,Senior Staff,9999-01-01,1997-01-05
440937,Fabrizio,Usery,Senior Staff,9999-01-01,1999-10-14
441197,Miquel,Legleitner,Senior Staff,9999-01-01,1993-06-28
109620,Mani,Cannata,Senior Staff,9999-01-01,1995-06-21
488540,Breannda,Maquelin,Senior Staff,9999-01-01,1996-04-12
441965,Claudi,Heijenga,Senior Staff,9999-01-01,1994-08-30
212154,Sailaja,Holburn,Senior Staff,9999-01-01,1997-03-03
443873,Vatsa,Ramsay,Senior Staff,9999-01-01,2002-02-04
444070,Heping,Skrikant,Senior Staff,9999-01-01,1999-11-27
444099,Kousuke,Worfolk,Senior Staff,9999-01-01,1997-03-22
488752,Nimmagadda,Baja,Senior Staff,9999-01-01,2002-02-09
481213,Shigehiro,Haldar,Senior Staff,9999-01-01,1999-12-14
445152,Heping,Peac,Senior Staff,9999-01-01,1992-03-20
207401,Shuji,Barbanera,Senior Staff,9999-01-01,1993-08-09
445723,Gaurav,Roison,Senior Staff,9999-01-01,1995-10-22
463495,Alenka,Barriga,Senior Staff,9999-01-01,1993-05-06
492000,Valeska,Cools,Senior Staff,9999-01-01,1999-12-16
469867,Hein,Jonsson,Senior Staff,9999-01-01,1990-02-12
235729,Henk,Anger,Senior Staff,9999-01-01,2002-01-19
104133,Pranjal,Zyda,Senior Staff,9999-01-01,1998-07-03
447135,Gennady,Rouquie,Senior Staff,9999-01-01,1989-08-24
486918,Yagil,Remmers,Senior Staff,9999-01-01,1994-11-01
447544,Stabislas,Kakkad,Senior Staff,9999-01-01,1989-02-19
482905,Aral,Hebden,Senior Staff,9999-01-01,1991-09-10
406714,Malu,Ossenbruggen,Senior Staff,9999-01-01,1994-11-21
230354,Yinghua,Lorho,Senior Staff,9999-01-01,2000-08-08
249866,Steen,Gubsky,Senior Staff,9999-01-01,1998-01-14
482944,Duke,Journel,Senior Staff,9999-01-01,1997-10-25
449189,Jahangir,Bernatsky,Senior Staff,9999-01-01,1995-09-30
449815,Fumitaka,Quittner,Senior Staff,9999-01-01,1993-04-20
251166,Hinrich,Hooghiemstra,Senior Staff,9999-01-01,1993-10-05
251341,Divier,Kumaresan,Senior Staff,9999-01-01,1998-12-05
290467,Shaowen,Poulakidas,Senior Staff,9999-01-01,1992-04-14
248758,Snehasis,Muhlberg,Senior Staff,9999-01-01,1999-07-16
236566,Yechezkel,Maginnis,Senior Staff,9999-01-01,2000-12-11
295268,Eben,Calkin,Senior Staff,9999-01-01,2001-12-19
465409,Shahid,Varman,Senior Staff,9999-01-01,1993-08-27
290009,Zijian,Rindone,Senior Staff,9999-01-01,1997-07-09
247875,Xiong,Anick,Senior Staff,9999-01-01,1991-04-23
247122,Xiaobin,Narlikar,Senior Staff,9999-01-01,1999-02-14
289909,Hilari,Vecchio,Senior Staff,9999-01-01,1998-04-24
289807,Soenke,Lemarechal,Senior Staff,9999-01-01,2000-09-03
498838,Sanjay,Ciolek,Senior Staff,9999-01-01,1998-12-13
450475,Saeed,Bahl,Senior Staff,9999-01-01,1991-01-29
295857,Kankanahalli,Ciolek,Senior Staff,9999-01-01,1998-12-26
289687,Fai,Maccarone,Senior Staff,9999-01-01,1993-10-30
247089,Seongbae,Schahn,Senior Staff,9999-01-01,1997-12-10
256856,Hongzue,Barbanera,Senior Staff,9999-01-01,1995-06-17
450936,Yuriy,Ponthieu,Senior Staff,9999-01-01,1996-12-10
408437,Uno,Solares,Senior Staff,9999-01-01,1999-09-22
451333,Radhika,Bonifati,Senior Staff,9999-01-01,1995-03-11
257469,Anyuan,Hanratty,Senior Staff,9999-01-01,1996-01-06
257484,Shaowei,Nicolson,Senior Staff,9999-01-01,1995-12-07
258124,Mariusz,Zolotykh,Senior Staff,9999-01-01,1990-07-28
408447,Mayuri,Werthner,Senior Staff,9999-01-01,1999-08-19
259611,Shuichi,Marrakchi,Senior Staff,9999-01-01,1990-08-21
259619,Conal,Magliocco,Senior Staff,9999-01-01,1992-05-09
463099,Jinxi,Schmiedel,Senior Staff,9999-01-01,1996-09-20
205789,Limsoon,Skafidas,Senior Staff,9999-01-01,1999-08-10
485799,Yoshimitsu,Litvinov,Senior Staff,9999-01-01,1997-11-22
453070,Aran,Rosenbaum,Senior Staff,9999-01-01,2000-04-24
293154,Syozo,Maliniak,Senior Staff,9999-01-01,1992-11-09
294144,Takanari,Ermel,Senior Staff,9999-01-01,1999-01-11
453644,Berni,Takkinen,Senior Staff,9999-01-01,1997-06-08
453913,Stein,Perng,Senior Staff,9999-01-01,1998-04-29
288560,Yifei,Birjandi,Senior Staff,9999-01-01,1999-02-07
410028,Xiadong,McClurg,Senior Staff,9999-01-01,1994-09-17
288142,Shay,Heystek,Senior Staff,9999-01-01,1995-04-01
499194,Padma,Delgrange,Senior Staff,9999-01-01,1998-01-02
10291,Dipayan,Seghrouchni,Senior Staff,9999-01-01,1994-03-30
10476,Kokou,Iisaka,Senior Staff,9999-01-01,1994-09-20
10762,Lech,Himler,Senior Staff,9999-01-01,1999-01-21
14104,Sudhanshu,Demian,Senior Staff,9999-01-01,1999-07-23
14158,Caolyn,Setiz,Senior Staff,9999-01-01,1996-02-06
14907,Nakhoon,Luga,Senior Staff,9999-01-01,1994-12-18
15058,Bouchung,Bugrara,Senior Staff,9999-01-01,1998-06-18
16461,Remmert,Schahn,Senior Staff,9999-01-01,1994-09-06
17013,Morris,Garigliano,Senior Staff,9999-01-01,2000-05-23
18617,Surveyors,Crouzet,Senior Staff,9999-01-01,1998-04-24
19350,Satoru,Yoshizawa,Senior Staff,9999-01-01,1999-03-27
20100,Utz,Heuter,Senior Staff,9999-01-01,1995-06-15
20128,Kazunori,Peak,Senior Staff,9999-01-01,1999-08-13
20500,Christoph,Trystram,Senior Staff,9999-01-01,1998-10-15
21546,Yongmin,Lanteri,Senior Staff,9999-01-01,1988-02-16
21909,Mohammed,Brizzi,Senior Staff,9999-01-01,1998-12-28
22415,Perla,Jumpertz,Senior Staff,9999-01-01,1994-08-24
22451,Jasminko,Bresenham,Senior Staff,9999-01-01,1996-12-15
22455,Barry,Unno,Senior Staff,9999-01-01,1999-11-16
24553,Anwar,Passafiume,Senior Staff,9999-01-01,1994-01-30
25488,Ingmar,Basawa,Senior Staff,9999-01-01,1997-11-08
26629,Nevin,Rodham,Senior Staff,9999-01-01,1998-12-14
27331,Wanqing,Krohm,Senior Staff,9999-01-01,1999-01-22
27378,Piyawadee,Leppanen,Senior Staff,9999-01-01,1999-02-25
27686,Manu,Rosiles,Senior Staff,9999-01-01,1998-03-03
27767,Tooru,Veldwijk,Senior Staff,9999-01-01,2000-11-21
29265,Gilbert,Calkin,Senior Staff,9999-01-01,1994-03-21
30035,Tetsushi,Conta,Senior Staff,9999-01-01,1995-07-04
30938,Yakkov,Samarati,Senior Staff,9999-01-01,2000-05-22
31147,Divine,Sidhu,Senior Staff,9999-01-01,1989-07-05
31341,Oksana,Zultner,Senior Staff,9999-01-01,1997-03-22
32347,Terresa,Peres,Senior Staff,9999-01-01,1997-09-15
32649,Ingmar,Nannarelli,Senior Staff,9999-01-01,1988-06-10
33025,Jessie,Thorelli,Senior Staff,9999-01-01,1999-12-16
34077,Angel,Sichman,Senior Staff,9999-01-01,1997-11-16
34261,Kyoichi,Callaway,Senior Staff,9999-01-01,1996-12-29
34505,Felicidad,Kumaresan,Senior Staff,9999-01-01,2001-09-06
35087,Leif,Ashish,Senior Staff,9999-01-01,2001-10-14
35793,Oscar,Kusalik,Senior Staff,9999-01-01,1996-05-10
36521,Serif,Gladwell,Senior Staff,9999-01-01,1993-03-05
36626,Fen,Genin,Senior Staff,9999-01-01,1986-05-09
37070,Jeong,Undy,Senior Staff,9999-01-01,1993-02-13
38168,Fumiko,Deverell,Senior Staff,9999-01-01,1996-08-14
38947,Shuichi,Ruemmler,Senior Staff,9999-01-01,1998-03-08
39000,Martijn,Vendrig,Senior Staff,9999-01-01,2002-03-03
39301,Rimon,Kawashima,Senior Staff,9999-01-01,1998-02-05
40269,Toshiki,Ghazalie,Senior Staff,9999-01-01,2000-12-04
40765,Michaela,Ramsak,Senior Staff,9999-01-01,2001-12-21
40773,Shimshon,Aingworth,Senior Staff,9999-01-01,1991-04-13
41137,Bikash,Buchter,Senior Staff,9999-01-01,1992-11-22
41609,Yucai,Simmen,Senior Staff,9999-01-01,1987-10-13
42778,Shuji,Remmers,Senior Staff,9999-01-01,1996-12-17
42950,Shaleah,Eickenmeyer,Senior Staff,9999-01-01,1993-10-09
43154,Maha,Waterhouse,Senior Staff,9999-01-01,2002-07-04
43733,Huei,Boguraev,Senior Staff,9999-01-01,1998-12-31
44900,Mark,Schwaller,Senior Staff,9999-01-01,2001-08-10
46000,Zhaofang,Penn,Senior Staff,9999-01-01,2002-07-24
46328,Wuxu,Trogemann,Senior Staff,9999-01-01,1997-01-27
46834,Tooru,Daescu,Senior Staff,9999-01-01,1998-03-20
47016,Toong,Litecky,Senior Staff,9999-01-01,1994-03-01
47702,Juyoung,Vieri,Senior Staff,9999-01-01,1999-08-12
47708,Edwin,Haldar,Senior Staff,9999-01-01,1995-07-12
48275,Sariel,Massonet,Senior Staff,9999-01-01,1993-11-19
48904,Yuichiro,Malabarba,Senior Staff,9999-01-01,1999-03-07
48947,Filipp,Akaboshi,Senior Staff,9999-01-01,1992-05-20
49010,Kazuhisa,Benantar,Senior Staff,9999-01-01,1994-10-23
49477,Baocai,Leaver,Senior Staff,9999-01-01,1998-08-05
50670,Boguslaw,Snedden,Senior Staff,9999-01-01,1993-02-20
51057,Theirry,Albarhamtoshy,Senior Staff,9999-01-01,1996-09-26
52040,Phule,Heijenga,Senior Staff,9999-01-01,1998-02-21
52283,Trygve,Krupka,Senior Staff,9999-01-01,2001-03-11
52386,Adas,Denti,Senior Staff,9999-01-01,1995-05-30
52590,Jouni,Munoz,Senior Staff,9999-01-01,2000-11-25
52639,Arup,Colorni,Senior Staff,9999-01-01,1996-02-05
52770,Shugo,Yurek,Senior Staff,9999-01-01,1998-08-28
53278,Premsyl,Lortz,Senior Staff,9999-01-01,1999-02-01
53431,Sham,Vasanthakumar,Senior Staff,9999-01-01,1985-10-24
53874,Bodo,Schade,Senior Staff,9999-01-01,1995-02-14
54632,Etsuo,Serot,Senior Staff,9999-01-01,1997-06-14
54795,Sumant,Nergos,Senior Staff,9999-01-01,2000-05-07
55857,Adin,Scallan,Senior Staff,9999-01-01,1996-09-14
56415,Sigeru,Nivat,Senior Staff,9999-01-01,1999-10-24
56428,Olivera,Hanabata,Senior Staff,9999-01-01,1992-11-09
58147,Shigenori,Sullins,Senior Staff,9999-01-01,1988-02-24
58497,Yechiam,Cairo,Senior Staff,9999-01-01,1996-07-12
58819,Gennady,Liesche,Senior Staff,9999-01-01,1987-12-02
59869,Zsolt,Riefers,Senior Staff,9999-01-01,1994-09-25
60091,Surveyors,Bade,Senior Staff,9999-01-01,1996-04-10
60821,Moty,Mersereau,Senior Staff,9999-01-01,1999-09-03
60959,Tetsushi,Sridhar,Senior Staff,9999-01-01,1997-01-12
61377,Dannz,Ohori,Senior Staff,9999-01-01,1994-01-17
63566,Heekeun,Slaats,Senior Staff,9999-01-01,1999-01-12
64209,Golgen,Schoegge,Senior Staff,9999-01-01,1988-02-26
64632,Zsolt,Brender,Senior Staff,9999-01-01,1996-02-21
65883,Patricia,Pepe,Senior Staff,9999-01-01,1996-04-18
65998,Mandell,Alameldin,Senior Staff,9999-01-01,1996-04-08
67320,Sadok,Lorys,Senior Staff,9999-01-01,1987-05-10
69052,Shietung,Shrader,Senior Staff,9999-01-01,1995-08-05
69219,Shuky,Redmiles,Senior Staff,9999-01-01,1994-07-06
69867,Miyeon,Rothe,Senior Staff,9999-01-01,1997-04-08
70469,Tru,Miyakawa,Senior Staff,9999-01-01,1998-09-03
71066,Domenick,Basart,Senior Staff,9999-01-01,2001-01-04
71141,Sajjad,Vitiello,Senior Staff,9999-01-01,1997-02-16
71188,Pranjal,Schapiro,Senior Staff,9999-01-01,1993-12-14
72918,Takahira,Szilard,Senior Staff,9999-01-01,1993-01-15
74668,Masako,Bonifati,Senior Staff,9999-01-01,1987-04-09
77303,Xinglin,Birge,Senior Staff,9999-01-01,2001-03-05
78106,Ashish,Ratnaker,Senior Staff,9999-01-01,1986-11-10
79310,Jeong,Cunliffe,Senior Staff,9999-01-01,1996-10-27
79763,Sanjoy,Barreiro,Senior Staff,9999-01-01,1996-04-09
79895,Fei,Murtagh,Senior Staff,9999-01-01,1986-01-19
80067,Kazuhisa,Weiland,Senior Staff,9999-01-01,1991-11-09
80432,Stella,Figueira,Senior Staff,9999-01-01,1998-03-14
80731,Shaowen,Eldridge,Senior Staff,9999-01-01,1994-12-05
82351,Stevo,Thambidurai,Senior Staff,9999-01-01,1989-10-27
83544,Leaf,Baak,Senior Staff,9999-01-01,2001-09-05
83941,Zsolt,Hagimont,Senior Staff,9999-01-01,2001-10-08
84236,Eberhardt,Barriga,Senior Staff,9999-01-01,1993-06-03
85216,Ferdinand,Rosiles,Senior Staff,9999-01-01,1997-07-08
85874,Pasqua,Taubman,Senior Staff,9999-01-01,1986-06-23
86213,Kristine,Clemencon,Senior Staff,9999-01-01,1996-04-21
86422,Jaewon,Thummel,Senior Staff,9999-01-01,1992-09-14
87729,Yongmin,Roccetti,Senior Staff,9999-01-01,1991-12-10
88103,Goo,Bresenham,Senior Staff,9999-01-01,1999-01-31
88958,Vojin,Coombs,Senior Staff,9999-01-01,2002-07-23
89090,Tetsushi,Theuretzbacher,Senior Staff,9999-01-01,1995-02-01
89161,Conal,Yetto,Senior Staff,9999-01-01,1999-01-12
89207,Along,Erol,Senior Staff,9999-01-01,1999-10-17
89590,Guther,Rothenberg,Senior Staff,9999-01-01,2000-08-07
89941,Arnould,Weedman,Senior Staff,9999-01-01,1989-07-28
90518,Fumiko,Chepyzhov,Senior Staff,9999-01-01,1997-01-27
90692,Rajmohan,DasSarma,Senior Staff,9999-01-01,1990-09-14
91172,Kazuhisa,Melter,Senior Staff,9999-01-01,1993-07-15
91415,Jamaludin,Nilsson,Senior Staff,9999-01-01,1994-01-15
91648,Dmitry,Msuda,Senior Staff,9999-01-01,1997-10-22
92685,Mang,Atchley,Senior Staff,9999-01-01,1995-06-07
92841,Claude,Candan,Senior Staff,9999-01-01,1993-08-04
92846,Anyuan,Kropatsch,Senior Staff,9999-01-01,1993-09-05
93549,Arie,Coullard,Senior Staff,9999-01-01,1998-04-15
94416,Aran,Cesareni,Senior Staff,9999-01-01,1990-02-10
95314,Rasiah,Koblick,Senior Staff,9999-01-01,1999-08-21
95920,Nobuyoshi,Hegner,Senior Staff,9999-01-01,2001-09-07
97623,Haldon,Janetzko,Senior Staff,9999-01-01,1996-09-10
97661,Avishai,Hegner,Senior Staff,9999-01-01,2002-05-08
98288,Sumali,Huttel,Senior Staff,9999-01-01,1997-09-12
99373,Xiaobin,Christianini,Senior Staff,9999-01-01,1991-12-25
99654,Mahendra,Motley,Senior Staff,9999-01-01,1992-09-28
101647,Mori,Homond,Senior Staff,9999-01-01,2000-05-09
101902,Mantis,Millington,Senior Staff,9999-01-01,1997-03-17
103196,Djenana,Albarhamtoshy,Senior Staff,9999-01-01,1993-07-16
103310,Visit,Swen,Senior Staff,9999-01-01,2000-10-01
104845,Werner,Lodder,Senior Staff,9999-01-01,1998-06-17
105520,Haldun,Lienhardt,Senior Staff,9999-01-01,1987-01-29
106242,Nevio,Thisen,Senior Staff,9999-01-01,1994-03-25
106695,Lijie,Garrabrants,Senior Staff,9999-01-01,1990-10-02
106710,Babette,Anandan,Senior Staff,9999-01-01,1993-11-22
107792,Shahab,Crooks,Senior Staff,9999-01-01,2001-03-18
108198,Randi,Samarati,Senior Staff,9999-01-01,1999-10-21
108988,Oksana,Baek,Senior Staff,9999-01-01,1997-07-20
109278,Bangqing,Schach,Senior Staff,9999-01-01,1996-03-22
200267,Chuanti,Luff,Senior Staff,9999-01-01,2000-09-20
200735,Dinah,Denos,Senior Staff,9999-01-01,2001-09-21
200789,Susumu,Camurati,Senior Staff,9999-01-01,1997-12-14
201708,Anneli,Perl,Senior Staff,9999-01-01,2000-09-08
201709,Fan,Kakkad,Senior Staff,9999-01-01,1993-02-24
202414,Zvonko,Murthy,Senior Staff,9999-01-01,1992-01-07
202950,Giordano,Pietrzykowski,Senior Staff,9999-01-01,1987-03-26
203474,Hugh,Jonsson,Senior Staff,9999-01-01,1997-07-05
203720,Sasan,Thimonier,Senior Staff,9999-01-01,1996-08-21
203946,Yefim,Marwedel,Senior Staff,9999-01-01,1999-03-30
204246,Arve,Worfolk,Senior Staff,9999-01-01,1990-04-01
205699,Youjian,Yetto,Senior Staff,9999-01-01,2000-12-06
206836,Guadalupe,Pfau,Senior Staff,9999-01-01,2001-03-22
207068,Zhiguo,Ariola,Senior Staff,9999-01-01,1994-09-07
207779,Chinya,Kamble,Senior Staff,9999-01-01,1992-05-31
207980,Remko,Vieth,Senior Staff,9999-01-01,1999-11-22
208330,Shen,Flanders,Senior Staff,9999-01-01,1997-07-03
209565,Dante,Covnot,Senior Staff,9999-01-01,1998-05-28
210017,Shalesh,Lovengreen,Senior Staff,9999-01-01,1996-09-28
210752,Saniya,Stenning,Senior Staff,9999-01-01,1991-12-10
212093,Leni,Henders,Senior Staff,9999-01-01,1999-11-19
214215,Xiaoqiang,Cardazo,Senior Staff,9999-01-01,1993-05-28
214391,Rayond,Klassen,Senior Staff,9999-01-01,1999-09-11
215629,Munehiro,Manders,Senior Staff,9999-01-01,1995-05-18
215843,Pramod,Loncour,Senior Staff,9999-01-01,1993-03-30
216921,Lena,Lenart,Senior Staff,9999-01-01,1995-12-25
217800,Shay,Servieres,Senior Staff,9999-01-01,1998-08-06
219967,Susanna,Reeken,Senior Staff,9999-01-01,1998-03-16
220528,Sibyl,Rabehasaina,Senior Staff,9999-01-01,1998-02-23
220582,Poornachandra,Zielinski,Senior Staff,9999-01-01,2001-02-12
220611,Yuping,Babb,Senior Staff,9999-01-01,2002-01-31
221367,Saddek,Farris,Senior Staff,9999-01-01,1990-11-06
222206,Stein,Uludag,Senior Staff,9999-01-01,1995-01-30
222998,Leaf,Awdeh,Senior Staff,9999-01-01,1991-02-20
224390,TRUE,Shobatake,Senior Staff,9999-01-01,1996-05-17
224934,George,Miake,Senior Staff,9999-01-01,1996-01-02
225438,Remmert,Quaggetto,Senior Staff,9999-01-01,1997-04-28
228248,Yuriy,Plump,Senior Staff,9999-01-01,1995-09-09
228554,Bilhanan,Brendel,Senior Staff,9999-01-01,1990-12-23
230126,Bezalel,Radivojevic,Senior Staff,9999-01-01,1995-07-03
230579,Shahar,Negoita,Senior Staff,9999-01-01,2000-03-18
232178,Etsuo,Anandan,Senior Staff,9999-01-01,1996-12-13
233397,Fay,Sundgren,Senior Staff,9999-01-01,1998-07-07
233785,Baziley,Ballarin,Senior Staff,9999-01-01,1995-07-28
234195,Luerbio,Terkki,Senior Staff,9999-01-01,1998-05-14
235096,Sverrir,Gyimothy,Senior Staff,9999-01-01,1992-03-20
235458,Gio,Heuser,Senior Staff,9999-01-01,1999-06-29
238949,Minghong,Cronin,Senior Staff,9999-01-01,1987-10-04
239803,Oscal,Ernst,Senior Staff,9999-01-01,1997-05-19
240438,Temple,Cyre,Senior Staff,9999-01-01,1999-10-01
240870,Francesca,Chorvat,Senior Staff,9999-01-01,1993-03-03
241292,Uri,Lampe,Senior Staff,9999-01-01,1994-10-17
241872,Bluma,Fetvedt,Senior Staff,9999-01-01,1997-02-02
242104,Richara,Sudkamp,Senior Staff,9999-01-01,1994-09-05
243018,Bowen,Deverell,Senior Staff,9999-01-01,1998-12-27
243637,Marjo,Delgrange,Senior Staff,9999-01-01,1996-06-23
244308,Mokhtar,Rebaine,Senior Staff,9999-01-01,2000-07-22
244624,Boaz,Seuren,Senior Staff,9999-01-01,1994-03-27
244873,Arunachalam,Oppitz,Senior Staff,9999-01-01,1994-05-20
245396,Gift,Bottner,Senior Staff,9999-01-01,2002-03-04
246798,Tianruo,Strooper,Senior Staff,9999-01-01,1999-10-28
248351,Jaana,Milicia,Senior Staff,9999-01-01,1985-06-02
250411,Ranga,Sommen,Senior Staff,9999-01-01,1996-01-21
251301,Pintsang,Impagliazzo,Senior Staff,9999-01-01,1989-05-06
251645,Bezalel,Tsunoo,Senior Staff,9999-01-01,2001-06-17
257378,Pascal,Bernatsky,Senior Staff,9999-01-01,1995-09-04
259237,Palash,Gammage,Senior Staff,9999-01-01,1994-10-23
259718,Stepehn,Bouloucos,Senior Staff,9999-01-01,1997-09-16
260399,Hatem,Birsak,Senior Staff,9999-01-01,1995-04-10
260408,Sasan,Brookner,Senior Staff,9999-01-01,2001-09-03
261662,Berni,Assaf,Senior Staff,9999-01-01,1989-09-08
261990,Volkmar,Czaja,Senior Staff,9999-01-01,1998-04-01
262208,Mrinalini,Holburn,Senior Staff,9999-01-01,1987-04-20
262439,Lorien,Lagarias,Senior Staff,9999-01-01,1994-10-10
264322,Leandro,Swist,Senior Staff,9999-01-01,1997-01-05
265039,Navid,Staudhammer,Senior Staff,9999-01-01,2000-10-18
266206,Zsolt,Anily,Senior Staff,9999-01-01,1991-08-19
266249,Sumant,Nishimukai,Senior Staff,9999-01-01,1991-03-28
266644,Anwar,Gubsky,Senior Staff,9999-01-01,1999-08-09
266862,Mart,Plumb,Senior Staff,9999-01-01,1986-04-21
266881,Mokhtar,Sabnani,Senior Staff,9999-01-01,1997-08-28
267059,Moie,Tempesti,Senior Staff,9999-01-01,2000-06-28
267304,Jordanka,Axelband,Senior Staff,9999-01-01,1994-06-27
270084,Ulises,Frolund,Senior Staff,9999-01-01,1993-07-26
270794,Dannz,Zhang,Senior Staff,9999-01-01,1991-06-26
272141,Tsutomu,Neiman,Senior Staff,9999-01-01,1993-05-05
273806,Hongzhu,Beetstra,Senior Staff,9999-01-01,2000-01-24
274369,Ranga,Waymire,Senior Staff,9999-01-01,1997-01-27
274813,Yefim,Pettey,Senior Staff,9999-01-01,2000-08-07
276184,Mari,Swick,Senior Staff,9999-01-01,1991-04-08
276186,Sajjad,Vecchi,Senior Staff,9999-01-01,1998-06-02
276189,Isaac,Klerer,Senior Staff,9999-01-01,2000-03-18
277316,Vitali,Rothenberg,Senior Staff,9999-01-01,1998-10-04
277362,Uzi,Kugler,Senior Staff,9999-01-01,1991-01-12
278452,Sudhanshu,Toyoshima,Senior Staff,9999-01-01,1993-08-28
278536,Munenori,Shobatake,Senior Staff,9999-01-01,1999-01-10
278549,Jaana,Werthner,Senior Staff,9999-01-01,1997-07-27
280420,Jahangir,Hofting,Senior Staff,9999-01-01,1993-09-28
282343,Xinglin,Haldar,Senior Staff,9999-01-01,1993-07-20
286026,Utpal,Zaumen,Senior Staff,9999-01-01,1997-02-24
288606,Susumu,Swiss,Senior Staff,9999-01-01,1996-11-14
290075,Boalin,Byoun,Senior Staff,9999-01-01,1996-09-30
290441,Gregory,Collavizza,Senior Staff,9999-01-01,1993-09-08
293080,Hideyuki,Slaats,Senior Staff,9999-01-01,1987-05-30
294241,Marl,Fiebach,Senior Staff,9999-01-01,2000-07-25
294527,Ashish,Candan,Senior Staff,9999-01-01,1992-02-02
296428,Charmane,Simmen,Senior Staff,9999-01-01,1997-03-07
297232,Lokesh,Saoudi,Senior Staff,9999-01-01,1999-05-25
298577,Florina,Litecky,Senior Staff,9999-01-01,1994-12-02
299346,Fumitake,Sichman,Senior Staff,9999-01-01,1991-02-21
299718,Denny,Shobatake,Senior Staff,9999-01-01,2002-06-22
299737,Patricio,Itzfeldt,Senior Staff,9999-01-01,1994-05-21
401154,Danae,Kragelund,Senior Staff,9999-01-01,1993-05-19
401420,Florian,Uhrig,Senior Staff,9999-01-01,1987-01-31
403621,Deborah,Kaminger,Senior Staff,9999-01-01,1997-06-04
404755,Manu,Junet,Senior Staff,9999-01-01,1996-04-19
405015,Morris,Fargier,Senior Staff,9999-01-01,1996-06-29
408654,Yongqiao,Cochrane,Senior Staff,9999-01-01,1991-10-27
411143,Goncalo,Barbanera,Senior Staff,9999-01-01,1996-09-01
413098,Hsiangchu,Taubenfeld,Senior Staff,9999-01-01,1999-04-17
415363,Conal,Shackell,Senior Staff,9999-01-01,1993-01-25
416877,Gio,Orsini,Senior Staff,9999-01-01,1993-12-07
417435,Bouchung,Zaumen,Senior Staff,9999-01-01,1999-01-29
418247,Oscar,Oppitz,Senior Staff,9999-01-01,2001-06-29
420557,Mabhin,Eastman,Senior Staff,9999-01-01,1994-08-02
421022,Shigeaki,Butner,Senior Staff,9999-01-01,1996-07-13
421033,Garnik,Randt,Senior Staff,9999-01-01,1994-12-23
421074,Zhaofang,Falster,Senior Staff,9999-01-01,1999-06-29
423350,Heping,Monarch,Senior Staff,9999-01-01,1993-04-15
424797,Theron,Itschner,Senior Staff,9999-01-01,1993-05-16
424805,Jacqueline,Zallocco,Senior Staff,9999-01-01,1994-12-17
424930,Xuejun,Reeker,Senior Staff,9999-01-01,1997-11-18
425875,Jahangir,Kroft,Senior Staff,9999-01-01,1995-06-11
426235,Danco,Rajala,Senior Staff,9999-01-01,1996-03-28
426795,Huican,Lunn,Senior Staff,9999-01-01,1991-07-23
426818,Gaurav,Fendler,Senior Staff,9999-01-01,1997-02-14
426824,Gopalakrishnan,Mawatari,Senior Staff,9999-01-01,1993-10-29
427313,Utpal,Kemmerer,Senior Staff,9999-01-01,1991-12-04
428160,Jamaludin,Kalorkoti,Senior Staff,9999-01-01,2001-07-14
428195,Hatsukazu,Rosca,Senior Staff,9999-01-01,1991-10-13
428219,Ghassan,Androutsos,Senior Staff,9999-01-01,1993-12-25
429316,Seshu,Hiraishi,Senior Staff,9999-01-01,2001-08-10
431576,Masamitsu,Back,Senior Staff,9999-01-01,1994-03-25
432121,Alair,Straney,Senior Staff,9999-01-01,1992-11-14
432956,Qunsheng,Birrer,Senior Staff,9999-01-01,1994-05-13
435289,Feixiong,Schurmann,Senior Staff,9999-01-01,1993-02-14
435305,Berthier,Pramanik,Senior Staff,9999-01-01,1999-01-23
435370,Conal,Basart,Senior Staff,9999-01-01,1991-05-17
435588,Genta,Pepe,Senior Staff,9999-01-01,2002-04-12
435602,Dietrich,Kranzdorf,Senior Staff,9999-01-01,2001-10-04
436797,Ohad,Henders,Senior Staff,9999-01-01,1996-11-02
436827,Wojceich,Limongiello,Senior Staff,9999-01-01,1988-03-10
437276,Dines,DeMori,Senior Staff,9999-01-01,1994-12-07
437369,Kazuhide,Biran,Senior Staff,9999-01-01,1995-01-25
437395,Sumant,Thambidurai,Senior Staff,9999-01-01,2000-01-02
439905,Kousuke,Levasseur,Senior Staff,9999-01-01,1996-03-15
439924,Gunilla,Kisuki,Senior Staff,9999-01-01,2000-08-13
440325,Douadi,Sullins,Senior Staff,9999-01-01,1999-09-25
440870,Filipp,Hasham,Senior Staff,9999-01-01,1999-07-11
442002,Ravishankar,Baig,Senior Staff,9999-01-01,2000-03-17
443108,Christfried,Atrawala,Senior Staff,9999-01-01,1990-07-13
443485,Marke,Klerer,Senior Staff,9999-01-01,1990-04-14
443841,Shaw,Kading,Senior Staff,9999-01-01,2000-07-16
444208,Irena,Cesareni,Senior Staff,9999-01-01,1985-10-30
447232,Aleksander,Schaaf,Senior Staff,9999-01-01,2001-05-25
447931,Martijn,Jeong,Senior Staff,9999-01-01,1999-12-14
450888,Sedat,Rande,Senior Staff,9999-01-01,2001-03-24
451253,Jaihie,Ozeri,Senior Staff,9999-01-01,1997-06-20
451275,Bedrich,Isard,Senior Staff,9999-01-01,1986-06-07
452347,Shigeichiro,Brattka,Senior Staff,9999-01-01,2001-07-13
452982,Lobel,Aloia,Senior Staff,9999-01-01,1994-12-29
453760,Ewing,Rajala,Senior Staff,9999-01-01,2001-06-21
455175,Soenke,Zaumen,Senior Staff,9999-01-01,1998-02-21
455726,Qiwen,Kriebel,Senior Staff,9999-01-01,1992-12-12
456767,Tetsurou,Schreiter,Senior Staff,9999-01-01,1994-07-17
457938,Arch,Picco,Senior Staff,9999-01-01,2000-06-07
458134,Thanasis,Standera,Senior Staff,9999-01-01,1992-03-20
459429,Mohit,Verhaegen,Senior Staff,9999-01-01,1999-05-28
462795,Somnath,Cummings,Senior Staff,9999-01-01,2002-07-10
464284,Huiqun,Henders,Senior Staff,9999-01-01,1993-05-19
464303,Abdelghani,Nyrup,Senior Staff,9999-01-01,1994-08-02
465501,Mrinalini,Gire,Senior Staff,9999-01-01,2000-11-09
466367,Hiroyasu,Strandh,Senior Staff,9999-01-01,1997-06-05
466603,Yechezkel,Nourani,Senior Staff,9999-01-01,1996-07-31
466745,Boalin,Birsak,Senior Staff,9999-01-01,2000-10-15
467886,Sivanarayana,Chandrasekhar,Senior Staff,9999-01-01,1996-01-24
470456,Reuven,Oehlmann,Senior Staff,9999-01-01,1994-03-29
474331,Sugwoo,Eugenio,Senior Staff,9999-01-01,1991-10-06
476055,Girolamo,Schlumberger,Senior Staff,9999-01-01,1998-03-07
478799,Shaw,Borovoy,Senior Staff,9999-01-01,1991-05-11
479695,Masamitsu,Murrill,Senior Staff,9999-01-01,2002-06-27
480035,Sukumar,Georg,Senior Staff,9999-01-01,1998-03-27
480178,Uinam,Rahier,Senior Staff,9999-01-01,1996-02-10
481050,Weiru,Burnard,Senior Staff,9999-01-01,1999-10-15
482755,Jouni,Conia,Senior Staff,9999-01-01,1999-10-31
483401,Rosita,Pokrovskii,Senior Staff,9999-01-01,1996-08-03
483978,Dung,Tanemo,Senior Staff,9999-01-01,1995-01-28
484126,Manton,Lueh,Senior Staff,9999-01-01,1989-04-07
484142,Perry,Cooman,Senior Staff,9999-01-01,1993-04-22
487505,Uno,Jayawardene,Senior Staff,9999-01-01,1993-11-01
487988,Ekawit,Schaft,Senior Staff,9999-01-01,1999-05-20
488142,Denis,Narlikar,Senior Staff,9999-01-01,1997-06-30
488707,Mihalis,Remmers,Senior Staff,9999-01-01,1996-02-29
489755,Matk,Chorvat,Senior Staff,9999-01-01,2000-12-29
489756,Kersti,Miculan,Senior Staff,9999-01-01,1999-06-10
491632,Gadiel,Perly,Senior Staff,9999-01-01,1994-10-20
493031,Hironoby,Jakobus,Senior Staff,9999-01-01,1996-07-29
493048,Muzhong,Berztiss,Senior Staff,9999-01-01,2001-01-22
497340,Fayez,Keohane,Senior Staff,9999-01-01,1990-09-19
498456,Geraldo,Gerteisen,Senior Staff,9999-01-01,1993-06-04
10095,Hilari,Morton,Senior Staff,9999-01-01,2000-03-09
39952,Otmar,Sudbeck,Staff,9999-01-01,1998-07-22
39036,Changho,Cappelli,Staff,9999-01-01,1996-05-04
98639,Florina,Assaf,Staff,9999-01-01,1996-05-18
95181,Yishai,Cappelli,Staff,9999-01-01,1997-01-30
243898,Arch,Basawa,Staff,9999-01-01,1998-05-10
240285,Kolar,Greenaway,Staff,9999-01-01,1998-11-14
63441,Hinrich,Scallan,Staff,9999-01-01,1999-04-04
239067,Tadahiko,Pocchiola,Staff,9999-01-01,1996-04-02
457305,Sorina,Lakshmanan,Staff,9999-01-01,1994-09-03
236883,Huan,Olivero,Staff,9999-01-01,1999-11-19
231671,Chandrasekaran,Pearson,Staff,9999-01-01,1995-04-14
231069,Trygve,Siksek,Staff,9999-01-01,1995-11-09
61147,Leszek,Werthner,Staff,9999-01-01,1999-03-03
60238,Erzsebet,Claffy,Staff,9999-01-01,1997-03-03
230865,Takushi,Brattka,Staff,9999-01-01,1999-03-09
229404,Gilbert,Kilgour,Staff,9999-01-01,1996-04-05
59640,Zita,Hiltgen,Staff,9999-01-01,1999-01-26
227681,Mikhail,Rousseau,Staff,9999-01-01,1998-11-30
30484,Sailaja,Chvatal,Staff,9999-01-01,1999-05-18
458191,George,Atchley,Staff,9999-01-01,1997-07-02
223593,Hidefumi,Moehrke,Staff,9999-01-01,1998-03-04
58141,Bezalel,Karner,Staff,9999-01-01,1994-09-27
220699,Nahid,Gyimothy,Staff,9999-01-01,1995-08-18
54800,Breannda,Cangellaris,Staff,9999-01-01,2000-01-27
460131,Adly,Hambrick,Staff,9999-01-01,1997-07-25
53314,Eberhardt,Carrera,Staff,9999-01-01,1999-02-23
219417,Subhrajyoti,Denna,Staff,9999-01-01,1996-07-25
427332,Feiyu,Hemaspaandra,Staff,9999-01-01,1995-06-04
482354,Jayson,Zockler,Staff,9999-01-01,1999-11-06
219052,Marsal,Acton,Staff,9999-01-01,1995-08-02
494493,Masasuke,Koprowski,Staff,9999-01-01,1996-11-20
217363,Horward,Marzano,Staff,9999-01-01,1996-04-11
429954,Renny,Gladwell,Staff,9999-01-01,1999-02-27
215419,Flemming,Kroha,Staff,9999-01-01,1995-01-23
465853,Kwan,Kampfer,Staff,9999-01-01,1998-10-16
210292,Lihong,Zeilberger,Staff,9999-01-01,1996-04-28
205660,Kien,Barreiro,Staff,9999-01-01,1997-08-25
205174,Leszek,Spinelli,Staff,9999-01-01,1998-12-10
51036,Chriss,Fasbender,Staff,9999-01-01,1995-05-23
433157,Tomofumi,Serna,Staff,9999-01-01,1999-10-23
435042,Brigham,Borstler,Staff,9999-01-01,1995-10-09
435060,Moie,Lieblein,Staff,9999-01-01,1996-07-12
20248,Vidar,Demri,Staff,9999-01-01,1999-12-31
18583,Stafford,Honglei,Staff,9999-01-01,1998-08-16
29130,Xumin,Thorensen,Staff,9999-01-01,1998-04-26
467918,Tsuneo,Skrikant,Staff,9999-01-01,1997-10-21
50453,Aron,Harbusch,Staff,9999-01-01,1997-10-02
49464,Siddarth,Cappelletti,Staff,9999-01-01,1999-09-10
48690,Hitomi,Schaap,Staff,9999-01-01,1999-09-27
469527,Halsur,Ibel,Staff,9999-01-01,1998-03-05
437870,Kerhong,Lorho,Staff,9999-01-01,1995-06-18
99057,Shugo,Reeken,Staff,9999-01-01,1999-06-21
442700,Siddarth,Masada,Staff,9999-01-01,1997-08-11
36844,Hailing,Levergood,Staff,9999-01-01,2000-01-12
36733,Uma,Reinhard,Staff,9999-01-01,1997-11-01
12643,Morrie,Schurmann,Staff,9999-01-01,1998-12-31
91333,Lobel,Stafford,Staff,9999-01-01,1998-11-29
91256,Gunilla,Milicic,Staff,9999-01-01,1998-01-09
446121,Fay,Cochrane,Staff,9999-01-01,1999-12-13
89664,Pranjal,Rossi,Staff,9999-01-01,1998-07-07
87129,Keung,Neiman,Staff,9999-01-01,1997-04-13
17447,Zengping,Boreale,Staff,9999-01-01,1998-12-16
86672,JoAnne,Anido,Staff,9999-01-01,1995-09-15
85445,Yongdong,Pollock,Staff,9999-01-01,1998-03-17
85414,Chiradeep,Callaway,Staff,9999-01-01,1999-07-30
448994,Haldun,Syang,Staff,9999-01-01,1997-02-11
84840,Sverrir,Neimat,Staff,9999-01-01,1996-11-03
84029,Babette,Eugenio,Staff,9999-01-01,1997-09-21
34780,Moni,Kohling,Staff,9999-01-01,1994-07-21
81644,Divine,Ghandeharizadeh,Staff,9999-01-01,1997-11-28
452206,Arra,Esposito,Staff,9999-01-01,1994-11-03
80203,Shakhar,Baik,Staff,9999-01-01,1993-12-01
32714,Radoslaw,Maliniak,Staff,9999-01-01,1997-11-17
78469,Leucio,Cappelli,Staff,9999-01-01,1997-08-22
452957,Alair,Nanard,Staff,9999-01-01,1996-02-10
453154,Gao,Lally,Staff,9999-01-01,1996-03-01
31568,Mark,Lalonde,Staff,9999-01-01,1996-11-24
67548,Fumitaka,Roohalamini,Staff,9999-01-01,1998-06-27
66757,Yonghong,Baig,Staff,9999-01-01,1999-04-10
66530,Dung,Leaver,Staff,9999-01-01,1998-04-04
404573,Eberhardt,Spelt,Staff,9999-01-01,1997-07-05
400683,Kamakshi,Manders,Staff,9999-01-01,1995-08-05
296062,Shaz,Driscoll,Staff,9999-01-01,1998-10-03
295411,Chiranjit,Serot,Staff,9999-01-01,1997-04-04
286029,Jaques,Nanard,Staff,9999-01-01,1996-07-16
285164,Xiaocheng,Kumaresan,Staff,9999-01-01,1994-10-03
24394,Zhonghui,Conta,Staff,9999-01-01,1994-09-10
278239,Boaz,Bottner,Staff,9999-01-01,1994-02-06
276868,Alois,Sanella,Staff,9999-01-01,1998-03-13
263012,Hideo,Buchter,Staff,9999-01-01,1999-05-01
260249,Vugranam,Beausoleil,Staff,9999-01-01,1998-05-14
258470,Weiwu,Butner,Staff,9999-01-01,1995-02-14
64828,Krister,Pappas,Staff,9999-01-01,1999-09-30
253707,Insup,Hainaut,Staff,9999-01-01,1998-02-11
294446,Claudi,Ruemmler,Staff,9999-01-01,1999-08-13
467591,Kiyotoshi,Hennebert,Staff,9999-01-01,1997-09-21
297474,Irena,Terkki,Staff,9999-01-01,1998-03-11
298953,Zita,Syang,Staff,9999-01-01,1998-12-29
229248,Harjit,Terekhov,Staff,9999-01-01,1995-10-19
206748,Yucai,Fabrizio,Staff,9999-01-01,1999-10-06
406847,Alexius,Crouzet,Staff,9999-01-01,1999-10-05
407522,Tommaso,Raczkowsky,Staff,9999-01-01,1996-08-29
471552,Basem,Lortz,Staff,9999-01-01,1997-10-25
408417,Tsz,Daescu,Staff,9999-01-01,1994-01-29
471939,Kazuhiko,Marshall,Staff,9999-01-01,1999-11-16
227899,Garnik,Luce,Staff,9999-01-01,1998-09-15
414814,Dayanand,Wielonsky,Staff,9999-01-01,1999-02-15
475538,Christophe,Leaver,Staff,9999-01-01,1998-10-31
419099,Heon,Broomell,Staff,9999-01-01,1998-05-06
420759,Raimond,Solovay,Staff,9999-01-01,1997-10-03
220418,Poorav,Laventhal,Staff,9999-01-01,1997-08-16
477350,Terresa,Vigier,Staff,9999-01-01,1998-07-08
427823,Jaques,Gecsei,Staff,9999-01-01,1999-07-13
429899,Ranan,Marsiglia,Staff,9999-01-01,1999-08-13
204117,Jessie,Nooteboom,Staff,9999-01-01,1999-08-13
478858,Hidekazu,Perna,Staff,9999-01-01,1999-11-08
433059,Bojan,Montresor,Staff,9999-01-01,1995-02-04
479601,Kayoko,Bahi,Staff,9999-01-01,1997-02-19
436915,Feixiong,Haraldson,Staff,9999-01-01,1998-10-11
437724,Erez,Luft,Staff,9999-01-01,1994-12-14
215746,Sven,Speer,Staff,9999-01-01,1999-07-08
213140,Tru,Danecki,Staff,9999-01-01,1997-03-31
444643,Berna,Schonegge,Staff,9999-01-01,1998-06-28
201229,Alejandra,Khasidashvili,Staff,9999-01-01,1994-07-30
492052,Udo,Ratnakar,Staff,9999-01-01,1999-11-30
447376,Kirk,Zongker,Staff,9999-01-01,1999-12-10
249325,Ute,Pokrovskii,Staff,9999-01-01,1997-06-09
448900,Mart,Talmor,Staff,9999-01-01,1999-05-11
248256,Sajjan,Falby,Staff,9999-01-01,1996-08-29
99590,Dhritiman,Anily,Staff,9999-01-01,1998-12-16
254821,Tonny,Couchot,Staff,9999-01-01,1994-12-12
498337,Naraig,Docker,Staff,9999-01-01,1997-05-17
256888,Heather,Pehl,Staff,9999-01-01,1993-09-15
259042,Xiaoqiang,Farrow,Staff,9999-01-01,1997-01-01
246902,Shih,Shanbhogue,Staff,9999-01-01,1998-04-19
246764,Shuzo,Czaja,Staff,9999-01-01,1997-11-29
262328,Mayuko,Vural,Staff,9999-01-01,1997-12-24
263370,Shakhar,Ranze,Staff,9999-01-01,1999-05-29
210786,Werner,Ranze,Staff,9999-01-01,1998-06-05
246244,George,Casperson,Staff,9999-01-01,2000-01-20
270716,Shunichi,Baer,Staff,9999-01-01,1998-02-04
245664,Manohar,Kilgore,Staff,9999-01-01,1998-11-17
274071,Mingsen,Weiland,Staff,9999-01-01,1995-10-12
457146,Jinpo,Heyers,Staff,9999-01-01,1999-01-07
275495,Shen,Yamaashi,Staff,9999-01-01,1995-02-19
280291,Lenore,Badache,Staff,9999-01-01,1998-11-24
280525,Kish,Herbst,Staff,9999-01-01,1996-08-18
282585,Zijian,Lammel,Staff,9999-01-01,1996-07-01
496100,Pranjal,Reinhard,Staff,9999-01-01,1995-05-08
238252,Uno,Suppi,Staff,9999-01-01,1996-12-27
461270,Mrinalini,Mawatari,Staff,9999-01-01,1996-01-03
236964,Adel,Foote,Staff,9999-01-01,1998-08-19
287323,Steve,Dengi,Staff,9999-01-01,1999-09-15
288166,Masoud,Asmuth,Staff,9999-01-01,1994-09-05
463023,Itzchak,Penn,Staff,9999-01-01,1999-01-21
273159,Divine,Hofmeyr,Technique Leader,9999-01-01,1989-04-14
105342,Kwun,Reeker,Technique Leader,9999-01-01,1999-07-29
454378,Gina,Ossenbruggen,Technique Leader,9999-01-01,1998-01-03
296303,Mariangiola,Heyers,Technique Leader,9999-01-01,1992-08-04
263186,Danny,Lowrie,Technique Leader,9999-01-01,1995-09-13
260501,Dzung,Pargas,Technique Leader,9999-01-01,1990-05-17
295255,Jacopo,Bellone,Technique Leader,9999-01-01,1988-03-13
260153,Mingdong,Baar,Technique Leader,9999-01-01,1991-10-14
255779,Heejo,Merle,Technique Leader,9999-01-01,1997-09-04
254399,Armond,Lores,Technique Leader,9999-01-01,1999-09-16
450309,Gill,Orlowska,Technique Leader,9999-01-01,1986-12-25
450255,Udo,Waymire,Technique Leader,9999-01-01,1986-06-14
251814,Mitsuyuki,Zockler,Technique Leader,9999-01-01,1998-09-14
251403,Utpal,DuBourdieux,Technique Leader,9999-01-01,1997-11-19
446897,Takahiro,Dalton,Technique Leader,9999-01-01,1992-09-30
445941,Masako,Dechter,Technique Leader,9999-01-01,1985-09-25
480268,Gaurav,Cheshire,Technique Leader,9999-01-01,1989-03-30
291352,Danai,Trelles,Technique Leader,9999-01-01,1992-04-17
497835,Shuho,Laurillard,Technique Leader,9999-01-01,1999-10-06
478439,Yuichiro,Bale,Technique Leader,9999-01-01,1997-11-04
217286,Yannik,Spelt,Technique Leader,9999-01-01,1992-09-22
218022,Mokhtar,Poupard,Technique Leader,9999-01-01,1992-02-02
205085,Moni,Kornyak,Technique Leader,9999-01-01,1991-09-26
409798,Dekang,Tsunoo,Technique Leader,9999-01-01,1995-01-19
471532,Feiyu,Decleir,Technique Leader,9999-01-01,1998-09-13
401574,Yannik,Falco,Technique Leader,9999-01-01,1988-01-15
468360,Huei,Saoudi,Technique Leader,9999-01-01,1994-08-10
278386,Caolyn,Poujol,Technique Leader,9999-01-01,1995-12-03
457337,Xumin,Beidas,Technique Leader,9999-01-01,1995-04-27
94331,Ramzi,Cronau,Technique Leader,9999-01-01,1999-09-03
109252,Moty,Winter,Technique Leader,9999-01-01,1991-04-28
93600,Kristina,Neimat,Technique Leader,9999-01-01,1988-04-18
463472,Jaber,Sethi,Technique Leader,9999-01-01,1995-06-06
287808,Vidar,Ozeki,Technique Leader,9999-01-01,1996-06-17
229386,Pohua,Tasistro,Technique Leader,9999-01-01,1989-06-02
34936,Bokyung,Stamatiou,Technique Leader,9999-01-01,1991-02-12
31188,Leandro,Gist,Technique Leader,9999-01-01,1993-02-03
28988,Tua,Giveon,Technique Leader,9999-01-01,1998-09-09
445570,Van,Nations,Technique Leader,9999-01-01,1986-08-11
13499,Kazuhiko,Sidou,Technique Leader,9999-01-01,1991-09-01
413729,Harjit,Ernst,Technique Leader,9999-01-01,1992-04-26
88422,Jungsoon,Birsak,Technique Leader,9999-01-01,1985-04-03
474796,Zongyan,Shackel,Technique Leader,9999-01-01,1986-11-09
423993,Seshu,Kolvik,Technique Leader,9999-01-01,1988-12-09
41114,Petter,Thummel,Technique Leader,9999-01-01,1995-12-24
429087,Hugh,Senzako,Technique Leader,9999-01-01,1992-10-15
59195,Ronnie,Pollock,Technique Leader,9999-01-01,1990-06-19
226216,Giordano,Gini,Technique Leader,9999-01-01,1993-08-14
448769,Mong,Dichev,Technique Leader,9999-01-01,1997-10-11
223595,Chiranjit,Dredge,Technique Leader,9999-01-01,1999-09-05
84942,Shin,Fujisaki,Technique Leader,9999-01-01,1988-02-23
219035,Kristine,Bierman,Technique Leader,9999-01-01,1988-05-13
203599,Ewing,DiGiano,Technique Leader,9999-01-01,2000-02-01
24080,Jaana,Perez,Technique Leader,9999-01-01,1996-03-11
476361,Doohun,Preusig,Technique Leader,9999-01-01,1985-04-13
17970,Filipp,Carrere,Technique Leader,9999-01-01,1989-01-09
33215,Steen,Fasbender,Technique Leader,9999-01-01,1993-02-14
81545,Larisa,Kornyak,Technique Leader,9999-01-01,1996-03-10
10663,Teunis,Noriega,Technique Leader,9999-01-01,1993-01-23
220625,Shigenori,Deville,Technique Leader,9999-01-01,1992-12-24
467269,Nahum,Lambe,Technique Leader,9999-01-01,1989-08-31
79043,Katsuo,Hockney,Technique Leader,9999-01-01,1999-11-07
238112,Miomir,Frezza,Technique Leader,9999-01-01,1991-05-25
203495,Zongyan,Gips,Technique Leader,9999-01-01,1997-05-31
10122,Ohad,Esposito,Technique Leader,9999-01-01,1998-08-06
236315,IEEE,Raczkowsky,Technique Leader,9999-01-01,1996-07-24
77647,Niranjan,Schaaf,Technique Leader,9999-01-01,1989-11-05
77030,Faiza,Garnham,Technique Leader,9999-01-01,1986-03-02
219497,Moie,Zastre,Technique Leader,9999-01-01,1991-10-11
68648,Jaques,DiGiano,Technique Leader,9999-01-01,1992-04-01
30154,Mayuko,Skafidas,Technique Leader,9999-01-01,1999-04-19
52778,Alain,Penn,Technique Leader,9999-01-01,1986-05-03
40983,Marla,Cherinka,Technique Leader,9999-01-01,1986-12-01
65171,Jeane,Tasistro,Technique Leader,9999-01-01,1994-07-06
406125,Georgi,Portugali,Technique Leader,9999-01-01,1987-09-27
59966,Steen,Salvesen,Technique Leader,9999-01-01,1993-02-03
23396,Hilari,Fairtlough,Technique Leader,9999-01-01,1986-12-15
